"","Location","Genotype","Block","Sample_Type","Sample_Type_Blanks_differentiated","Inbred_or_Hybrid","R1_Fastq_Name","R2_Fastq_Name","Experiment","Group"
"MMH-2GH-30Z","GH","CML247","1","Rhizosphere","Rhizosphere","Inbred","MMH-2GH-30Z_S53_L001_R1_001.trimmed.fastq.gz","MMH-2GH-30Z_S53_L001_R2_001.trimmed.fastq.gz","GH","Rhizosphere_GH"
"MMH-2GH-39R","GH","Hopi_blue","2","Root","Root","Open_Pollinated","MMH-2GH-39R_S105_L001_R1_001.trimmed.fastq.gz","MMH-2GH-39R_S105_L001_R2_001.trimmed.fastq.gz","GH","Root_GH"
"END4Rb","IH","PH207","0","Root","Root","Inbred","END4Rb_S260_L001_R1_001.fastq.gz","END4Rb_S260_L001_R2_001.fastq.gz","END","Root_END"
"MMH-2GH-1Z","GH","B73xOh43","0","Rhizosphere","Rhizosphere","Hybrid","MMH-2GH-1Z_S24_L001_R1_001.trimmed.fastq.gz","MMH-2GH-1Z_S24_L001_R2_001.trimmed.fastq.gz","GH","Rhizosphere_GH"
"MMH-2GH-15Z","GH","Ph207","0","Rhizosphere","Rhizosphere","Inbred","MMH-2GH-15Z_S38_L001_R1_001.trimmed.fastq.gz","MMH-2GH-15Z_S38_L001_R2_001.trimmed.fastq.gz","GH","Rhizosphere_GH"
"END9Ka","IH","PH207","1","Stalk","Stalk","Inbred","END9Ka_S268_L001_R1_001.fastq.gz","END9Ka_S268_L001_R2_001.fastq.gz","END","Stalk_END"
"END1Kb","IH","Mo17","0","Stalk","Stalk","Inbred","END1Kb_S254_L001_R1_001.fastq.gz","END1Kb_S254_L001_R2_001.fastq.gz","END","Stalk_END"
"END5Zb","IH","B73","0","Rhizosphere","Rhizosphere","Inbred","END5Zb_S228_L001_R1_001.fastq.gz","END5Zb_S228_L001_R2_001.fastq.gz","END","Rhizosphere_END"
"MMH-2GH-3Z","GH","Oh43","0","Rhizosphere","Rhizosphere","Inbred","MMH-2GH-3Z_S26_L001_R1_001.trimmed.fastq.gz","MMH-2GH-3Z_S26_L001_R2_001.trimmed.fastq.gz","GH","Rhizosphere_GH"
"MMH-2GH-42K","GH","Ph207","2","Stalk","Stalk","Inbred","MMH-2GH-42K_S138_L001_R1_001.trimmed.fastq.gz","MMH-2GH-42K_S138_L001_R2_001.trimmed.fastq.gz","GH","Stalk_GH"
"MMH-2GH-10R","GH","CML247","0","Root","Root","Inbred","MMH-2GH-10R_S79_L001_R1_001.trimmed.fastq.gz","MMH-2GH-10R_S79_L001_R2_001.trimmed.fastq.gz","GH","Root_GH"
"END14Za","IH","903VIP","3","Rhizosphere","Rhizosphere","Hybrid","END14Za_S225_L001_R1_001.fastq.gz","END14Za_S225_L001_R2_001.fastq.gz","END","Rhizosphere_END"
"MMH-2GH-23K","GH","Mo17xPh207","1","Stalk","Stalk","Hybrid","MMH-2GH-23K_S137_L001_R1_001.trimmed.fastq.gz","MMH-2GH-23K_S137_L001_R2_001.trimmed.fastq.gz","GH","Stalk_GH"
"MMH-2GH-5K","GH","B73","0","Stalk","Stalk","Inbred","MMH-2GH-5K_S148_L001_R1_001.trimmed.fastq.gz","MMH-2GH-5K_S148_L001_R2_001.trimmed.fastq.gz","GH","Stalk_GH"
"MMH-2GH-33Z","GH","CML247","2","Rhizosphere","Rhizosphere","Inbred","MMH-2GH-33Z_S56_L001_R1_001.trimmed.fastq.gz","MMH-2GH-33Z_S56_L001_R2_001.trimmed.fastq.gz","GH","Rhizosphere_GH"
"END8Ka","IH","Mo17","1","Stalk","Stalk","Inbred","END8Ka_S206_L001_R1_001.fastq.gz","END8Ka_S206_L001_R2_001.fastq.gz","END","Stalk_END"
"MMH-2GH-BR","Blank","Blank","Blank","Root","Blank-Root","Blank","MMH-2GH-BR_S111_L001_R1_001.trimmed.fastq.gz","MMH-2GH-BR_S111_L001_R2_001.trimmed.fastq.gz","GH","Blank-Root_GH"
"MMH-2GH-17K","GH","B73","1","Stalk","Stalk","Inbred","MMH-2GH-17K_S133_L001_R1_001.trimmed.fastq.gz","MMH-2GH-17K_S133_L001_R2_001.trimmed.fastq.gz","GH","Stalk_GH"
"END1Ka","IH","Mo17","0","Stalk","Stalk","Inbred","END1Ka_S266_L001_R1_001.fastq.gz","END1Ka_S266_L001_R2_001.fastq.gz","END","Stalk_END"
"MMH-2GH-36R","GH","Mo17xPh207","2","Root","Root","Hybrid","MMH-2GH-36R_S102_L001_R1_001.trimmed.fastq.gz","MMH-2GH-36R_S102_L001_R2_001.trimmed.fastq.gz","GH","Root_GH"
"MMH-2GH-31Z","GH","Mo17","2","Rhizosphere","Rhizosphere","Inbred","MMH-2GH-31Z_S54_L001_R1_001.trimmed.fastq.gz","MMH-2GH-31Z_S54_L001_R2_001.trimmed.fastq.gz","GH","Rhizosphere_GH"
"END13Ra","IH","903VIP","2","Root","Root","Hybrid","END13Ra_S269_L001_R1_001.fastq.gz","END13Ra_S269_L001_R2_001.fastq.gz","END","Root_END"
"END13Ka","IH","903VIP","2","Stalk","Stalk","Hybrid","END13Ka_S243_L001_R1_001.fastq.gz","END13Ka_S243_L001_R2_001.fastq.gz","END","Stalk_END"
"MMH-2GH-5Z","GH","B73","0","Rhizosphere","Rhizosphere","Inbred","MMH-2GH-5Z_S28_L001_R1_001.trimmed.fastq.gz","MMH-2GH-5Z_S28_L001_R2_001.trimmed.fastq.gz","GH","Rhizosphere_GH"
"END10Rb","IH","B73","1","Root","Root","Inbred","END10Rb_S234_L001_R1_001.fastq.gz","END10Rb_S234_L001_R2_001.fastq.gz","END","Root_END"
"MMH-2GH-44Z","GH","Oh43","2","Rhizosphere","Rhizosphere","Inbred","MMH-2GH-44Z_S67_L001_R1_001.trimmed.fastq.gz","MMH-2GH-44Z_S67_L001_R2_001.trimmed.fastq.gz","GH","Rhizosphere_GH"
"MMH-2GH-19Z","GH","B73xCML247","1","Rhizosphere","Rhizosphere","Hybrid","MMH-2GH-19Z_S42_L001_R1_001.trimmed.fastq.gz","MMH-2GH-19Z_S42_L001_R2_001.trimmed.fastq.gz","GH","Rhizosphere_GH"
"MMH-2GH-28K","GH","Hopi_blue","1","Stalk","Stalk","Open_Pollinated","MMH-2GH-28K_S115_L001_R1_001.trimmed.fastq.gz","MMH-2GH-28K_S115_L001_R2_001.trimmed.fastq.gz","GH","Stalk_GH"
"MMH-2GH-30R","GH","CML247","1","Root","Root","Inbred","MMH-2GH-30R_S97_L001_R1_001.trimmed.fastq.gz","MMH-2GH-30R_S97_L001_R2_001.trimmed.fastq.gz","GH","Root_GH"
"MMH-2GH-43R","GH","B73xCML247","2","Root","Root","Hybrid","MMH-2GH-43R_S108_L001_R1_001.trimmed.fastq.gz","MMH-2GH-43R_S108_L001_R2_001.trimmed.fastq.gz","GH","Root_GH"
"END9Zb","IH","PH207","1","Rhizosphere","Rhizosphere","Inbred","END9Zb_S274_L001_R1_001.fastq.gz","END9Zb_S274_L001_R2_001.fastq.gz","END","Rhizosphere_END"
"END9Za","IH","PH207","1","Rhizosphere","Rhizosphere","Inbred","END9Za_S214_L001_R1_001.fastq.gz","END9Za_S214_L001_R2_001.fastq.gz","END","Rhizosphere_END"
"END16Zb","IH","B73xMo17","3","Rhizosphere","Rhizosphere","Hybrid","END16Zb_S262_L001_R1_001.fastq.gz","END16Zb_S262_L001_R2_001.fastq.gz","END","Rhizosphere_END"
"MMH-2GH-43Z","GH","B73xCML247","2","Rhizosphere","Rhizosphere","Hybrid","MMH-2GH-43Z_S66_L001_R1_001.trimmed.fastq.gz","MMH-2GH-43Z_S66_L001_R2_001.trimmed.fastq.gz","GH","Rhizosphere_GH"
"END3Ka","IH","HP301","0","Stalk","Stalk","Inbred","END3Ka_S193_L001_R1_001.fastq.gz","END3Ka_S193_L001_R2_001.fastq.gz","END","Stalk_END"
"MMH-2GH-38R","GH","B73","2","Root","Root","Inbred","MMH-2GH-38R_S104_L001_R1_001.trimmed.fastq.gz","MMH-2GH-38R_S104_L001_R2_001.trimmed.fastq.gz","GH","Root_GH"
"MMH-2GH-33K","GH","CML247","2","Stalk","Stalk","Inbred","MMH-2GH-33K_S149_L001_R1_001.trimmed.fastq.gz","MMH-2GH-33K_S149_L001_R2_001.trimmed.fastq.gz","GH","Stalk_GH"
"MMH-BK","Blank","Blank","Blank","Stalk","Blank-Stalk","Blank","MMH-BK_S62_L001_R1_001.fastq.gz","MMH-BK_S62_L001_R2_001.fastq.gz","MMH","Blank-Stalk_MMH"
"END11Kb","IH","B73xMo17","2","Stalk","Stalk","Hybrid","END11Kb_S232_L001_R1_001.fastq.gz","END11Kb_S232_L001_R2_001.fastq.gz","END","Stalk_END"
"MMH-33-1Z","IH","Ph207","0","Rhizosphere","Rhizosphere","Inbred","MMH-33-1Z_S65_L001_R1_001.fastq.gz","MMH-33-1Z_S65_L001_R2_001.fastq.gz","MMH","Rhizosphere_MMH"
"MMH-2GH-26K","GH","B73xMo17","1","Stalk","Stalk","Hybrid","MMH-2GH-26K_S140_L001_R1_001.trimmed.fastq.gz","MMH-2GH-26K_S140_L001_R2_001.trimmed.fastq.gz","GH","Stalk_GH"
"MMH-55-1K","IH","Bloody_Butcher_corn","0","Stalk","Stalk","Open_Pollinated","MMH-55-1K_S59_L001_R1_001.fastq.gz","MMH-55-1K_S59_L001_R2_001.fastq.gz","MMH","Stalk_MMH"
"MMH-2GH-28Z","GH","Hopi_blue","1","Rhizosphere","Rhizosphere","Open_Pollinated","MMH-2GH-28Z_S51_L001_R1_001.trimmed.fastq.gz","MMH-2GH-28Z_S51_L001_R2_001.trimmed.fastq.gz","GH","Rhizosphere_GH"
"MMH-2GH-11Z-soil","GH","Soil","0","Soil","Soil","Soil","MMH-2GH-11Z-soil_S33_L001_R1_001.trimmed.fastq.gz","MMH-2GH-11Z-soil_S33_L001_R2_001.trimmed.fastq.gz","GH","Soil_GH"
"MMH-2GH-22Z","GH","Ph207","1","Rhizosphere","Rhizosphere","Inbred","MMH-2GH-22Z_S45_L001_R1_001.trimmed.fastq.gz","MMH-2GH-22Z_S45_L001_R2_001.trimmed.fastq.gz","GH","Rhizosphere_GH"
"P5BZ","Blank","Blank","Blank","Rhizosphere","Blank-Rhizosphere","Blank","P5BZ_S125_L001_R1_001.fastq.gz","P5BZ_S125_L001_R2_001.fastq.gz","END","Blank-Rhizosphere_END"
"MMH-2GH-41K","GH","B73xOh43","2","Stalk","Stalk","Hybrid","MMH-2GH-41K_S119_L001_R1_001.trimmed.fastq.gz","MMH-2GH-41K_S119_L001_R2_001.trimmed.fastq.gz","GH","Stalk_GH"
"END4Ka","IH","PH207","0","Stalk","Stalk","Inbred","END4Ka_S242_L001_R1_001.fastq.gz","END4Ka_S242_L001_R2_001.fastq.gz","END","Stalk_END"
"MMH-2GH-45R","GH","Mo17xB73","2","Root","Root","Hybrid","MMH-2GH-45R_S110_L001_R1_001.trimmed.fastq.gz","MMH-2GH-45R_S110_L001_R2_001.trimmed.fastq.gz","GH","Root_GH"
"END16Rb","IH","B73xMo17","3","Root","Root","Hybrid","END16Rb_S257_L001_R1_001.fastq.gz","END16Rb_S257_L001_R2_001.fastq.gz","END","Root_END"
"MMH-2GH-3R","GH","Oh43","0","Root","Root","Inbred","MMH-2GH-3R_S72_L001_R1_001.trimmed.fastq.gz","MMH-2GH-3R_S72_L001_R2_001.trimmed.fastq.gz","GH","Root_GH"
"MMH-2GH-12Z","GH","Mo17xPh207","0","Rhizosphere","Rhizosphere","Hybrid","MMH-2GH-12Z_S35_L001_R1_001.trimmed.fastq.gz","MMH-2GH-12Z_S35_L001_R2_001.trimmed.fastq.gz","GH","Rhizosphere_GH"
"MMH-2GH-29R","GH","B73xPh207","1","Root","Root","Hybrid","MMH-2GH-29R_S96_L001_R1_001.trimmed.fastq.gz","MMH-2GH-29R_S96_L001_R2_001.trimmed.fastq.gz","GH","Root_GH"
"MMH-2GH-38Z","GH","B73","2","Rhizosphere","Rhizosphere","Inbred","MMH-2GH-38Z_S61_L001_R1_001.trimmed.fastq.gz","MMH-2GH-38Z_S61_L001_R2_001.trimmed.fastq.gz","GH","Rhizosphere_GH"
"END16Za","IH","B73xMo17","3","Rhizosphere","Rhizosphere","Hybrid","END16Za_S261_L001_R1_001.fastq.gz","END16Za_S261_L001_R2_001.fastq.gz","END","Rhizosphere_END"
"P5BS","Blank","Blank","Blank","Soil","Blank-Soil","Blank","P5BS_S166_L001_R1_001.fastq.gz","P5BS_S166_L001_R2_001.fastq.gz","END","Blank-Soil_END"
"MMH-2GH-34Z","GH","Ph207xMo17","2","Rhizosphere","Rhizosphere","Hybrid","MMH-2GH-34Z_S57_L001_R1_001.trimmed.fastq.gz","MMH-2GH-34Z_S57_L001_R2_001.trimmed.fastq.gz","GH","Rhizosphere_GH"
"MMH-2GH-32Z","GH","Ph207xB73","2","Rhizosphere","Rhizosphere","Hybrid","MMH-2GH-32Z_S55_L001_R1_001.trimmed.fastq.gz","MMH-2GH-32Z_S55_L001_R2_001.trimmed.fastq.gz","GH","Rhizosphere_GH"
"END8Kb","IH","Mo17","1","Stalk","Stalk","Inbred","END8Kb_S218_L001_R1_001.fastq.gz","END8Kb_S218_L001_R2_001.fastq.gz","END","Stalk_END"
"END3Za","IH","HP301","0","Rhizosphere","Rhizosphere","Inbred","END3Za_S276_L001_R1_001.fastq.gz","END3Za_S276_L001_R2_001.fastq.gz","END","Rhizosphere_END"
"END11Ka","IH","B73xMo17","2","Stalk","Stalk","Hybrid","END11Ka_S208_L001_R1_001.fastq.gz","END11Ka_S208_L001_R2_001.fastq.gz","END","Stalk_END"
"MMH-2GH-9R","GH","Mo17xB73","0","Root","Root","Hybrid","MMH-2GH-9R_S78_L001_R1_001.trimmed.fastq.gz","MMH-2GH-9R_S78_L001_R2_001.trimmed.fastq.gz","GH","Root_GH"
"MMH-2GH-15K","GH","Ph207","0","Stalk","Stalk","Inbred","MMH-2GH-15K_S125_L001_R1_001.trimmed.fastq.gz","MMH-2GH-15K_S125_L001_R2_001.trimmed.fastq.gz","GH","Stalk_GH"
"MMH-2GH-29Z","GH","B73xPh207","1","Rhizosphere","Rhizosphere","Hybrid","MMH-2GH-29Z_S52_L001_R1_001.trimmed.fastq.gz","MMH-2GH-29Z_S52_L001_R2_001.trimmed.fastq.gz","GH","Rhizosphere_GH"
"END12Zb","IH","DKC70-27","2","Rhizosphere","Rhizosphere","Hybrid","END12Zb_S288_L001_R1_001.fastq.gz","END12Zb_S288_L001_R2_001.fastq.gz","END","Rhizosphere_END"
"MMH-2GH-35Z","GH","B73xMo17","2","Rhizosphere","Rhizosphere","Hybrid","MMH-2GH-35Z_S58_L001_R1_001.trimmed.fastq.gz","MMH-2GH-35Z_S58_L001_R2_001.trimmed.fastq.gz","GH","Rhizosphere_GH"
"END15Rb","IH","DKC70-27","3","Root","Root","Hybrid","END15Rb_S258_L001_R1_001.fastq.gz","END15Rb_S258_L001_R2_001.fastq.gz","END","Root_END"
"MMH-2GH-16R","GH","Ph207xB73","1","Root","Root","Hybrid","MMH-2GH-16R_S84_L001_R1_001.trimmed.fastq.gz","MMH-2GH-16R_S84_L001_R2_001.trimmed.fastq.gz","GH","Root_GH"
"END4Kb","IH","PH207","0","Stalk","Stalk","Inbred","END4Kb_S230_L001_R1_001.fastq.gz","END4Kb_S230_L001_R2_001.fastq.gz","END","Stalk_END"
"MMH-2GH-23R","GH","Mo17xPh207","1","Root","Root","Hybrid","MMH-2GH-23R_S90_L001_R1_001.trimmed.fastq.gz","MMH-2GH-23R_S90_L001_R2_001.trimmed.fastq.gz","GH","Root_GH"
"MMH-2GH-16Z","GH","Ph207xB73","1","Rhizosphere","Rhizosphere","Hybrid","MMH-2GH-16Z_S39_L001_R1_001.trimmed.fastq.gz","MMH-2GH-16Z_S39_L001_R2_001.trimmed.fastq.gz","GH","Rhizosphere_GH"
"MMH-2GH-12K","GH","Mo17xPh207","0","Stalk","Stalk","Hybrid","MMH-2GH-12K_S116_L001_R1_001.trimmed.fastq.gz","MMH-2GH-12K_S116_L001_R2_001.trimmed.fastq.gz","GH","Stalk_GH"
"END2Ka","IH","CML322","0","Stalk","Stalk","Inbred","END2Ka_S217_L001_R1_001.fastq.gz","END2Ka_S217_L001_R2_001.fastq.gz","END","Stalk_END"
"MMH-2GH-26Z","GH","B73xMo17","1","Rhizosphere","Rhizosphere","Hybrid","MMH-2GH-26Z_S49_L001_R1_001.trimmed.fastq.gz","MMH-2GH-26Z_S49_L001_R2_001.trimmed.fastq.gz","GH","Rhizosphere_GH"
"MMH-2GH-24Z","GH","Mo17xB73","1","Rhizosphere","Rhizosphere","Hybrid","MMH-2GH-24Z_S47_L001_R1_001.trimmed.fastq.gz","MMH-2GH-24Z_S47_L001_R2_001.trimmed.fastq.gz","GH","Rhizosphere_GH"
"MMH-48-1Z","IH","Ried_Yellow_Dent","0","Rhizosphere","Rhizosphere","Open_Pollinated","MMH-48-1Z_S67_L001_R1_001.fastq.gz","MMH-48-1Z_S67_L001_R2_001.fastq.gz","MMH","Rhizosphere_MMH"
"MMH-2GH-28R","GH","Hopi_blue","1","Root","Root","Open_Pollinated","MMH-2GH-28R_S95_L001_R1_001.trimmed.fastq.gz","MMH-2GH-28R_S95_L001_R2_001.trimmed.fastq.gz","GH","Root_GH"
"END14Rb","IH","903VIP","3","Root","Root","Hybrid","END14Rb_S221_L001_R1_001.fastq.gz","END14Rb_S221_L001_R2_001.fastq.gz","END","Root_END"
"MMH-2GH-22K","GH","Ph207","1","Stalk","Stalk","Inbred","MMH-2GH-22K_S144_L001_R1_001.trimmed.fastq.gz","MMH-2GH-22K_S144_L001_R2_001.trimmed.fastq.gz","GH","Stalk_GH"
"MMH-2GH-37Z","GH","B73xPh207","2","Rhizosphere","Rhizosphere","Hybrid","MMH-2GH-37Z_S60_L001_R1_001.trimmed.fastq.gz","MMH-2GH-37Z_S60_L001_R2_001.trimmed.fastq.gz","GH","Rhizosphere_GH"
"END15Ra","IH","DKC70-27","3","Root","Root","Hybrid","END15Ra_S246_L001_R1_001.fastq.gz","END15Ra_S246_L001_R2_001.fastq.gz","END","Root_END"
"END8Zb","IH","Mo17","1","Rhizosphere","Rhizosphere","Inbred","END8Zb_S227_L001_R1_001.fastq.gz","END8Zb_S227_L001_R2_001.fastq.gz","END","Rhizosphere_END"
"MMH-50-1Z","IH","Ph207xB73","0","Rhizosphere","Rhizosphere","Hybrid","MMH-50-1Z_S69_L001_R1_001.fastq.gz","MMH-50-1Z_S69_L001_R2_001.fastq.gz","MMH","Rhizosphere_MMH"
"P2BK","Blank","Blank","Blank","Stalk","Blank-Stalk","Blank","P2BK_S159_L001_R1_001.fastq.gz","P2BK_S159_L001_R2_001.fastq.gz","END","Blank-Stalk_END"
"END6Ra","IH","CML322","1","Root","Root","Inbred","END6Ra_S272_L001_R1_001.fastq.gz","END6Ra_S272_L001_R2_001.fastq.gz","END","Root_END"
"MMH-48-2Z","IH","Ried_Yellow_Dent","0","Rhizosphere","Rhizosphere","Open_Pollinated","MMH-48-2Z_S68_L001_R1_001.fastq.gz","MMH-48-2Z_S68_L001_R2_001.fastq.gz","MMH","Rhizosphere_MMH"
"MMH-33-2K","IH","Ph207","0","Stalk","Stalk","Inbred","MMH-33-2K_S55_L001_R1_001.fastq.gz","MMH-33-2K_S55_L001_R2_001.fastq.gz","MMH","Stalk_MMH"
"MMH-2GH-23Z","GH","Mo17xPh207","1","Rhizosphere","Rhizosphere","Hybrid","MMH-2GH-23Z_S46_L001_R1_001.trimmed.fastq.gz","MMH-2GH-23Z_S46_L001_R2_001.trimmed.fastq.gz","GH","Rhizosphere_GH"
"MMH-2GH-2R","GH","B73xMo17","0","Root","Root","Hybrid","MMH-2GH-2R_S71_L001_R1_001.trimmed.fastq.gz","MMH-2GH-2R_S71_L001_R2_001.trimmed.fastq.gz","GH","Root_GH"
"END15Zb","IH","DKC70-27","3","Rhizosphere","Rhizosphere","Hybrid","END15Zb_S201_L001_R1_001.fastq.gz","END15Zb_S201_L001_R2_001.fastq.gz","END","Rhizosphere_END"
"END1Rb","IH","Mo17","0","Root","Root","Inbred","END1Rb_S259_L001_R1_001.fastq.gz","END1Rb_S259_L001_R2_001.fastq.gz","END","Root_END"
"MMH-2GH-32K","GH","Ph207xB73","2","Stalk","Stalk","Hybrid","MMH-2GH-32K_S118_L001_R1_001.trimmed.fastq.gz","MMH-2GH-32K_S118_L001_R2_001.trimmed.fastq.gz","GH","Stalk_GH"
"MMH-2GH-25R","GH","Mo17","1","Root","Root","Inbred","MMH-2GH-25R_S92_L001_R1_001.trimmed.fastq.gz","MMH-2GH-25R_S92_L001_R2_001.trimmed.fastq.gz","GH","Root_GH"
"END6Ka","IH","CML322","1","Stalk","Stalk","Inbred","END6Ka_S195_L001_R1_001.fastq.gz","END6Ka_S195_L001_R2_001.fastq.gz","END","Stalk_END"
"END7Ka","IH","HP301","1","Stalk","Stalk","Inbred","END7Ka_S256_L001_R1_001.fastq.gz","END7Ka_S256_L001_R2_001.fastq.gz","END","Stalk_END"
"END1Za","IH","Mo17","0","Rhizosphere","Rhizosphere","Inbred","END1Za_S240_L001_R1_001.fastq.gz","END1Za_S240_L001_R2_001.fastq.gz","END","Rhizosphere_END"
"MMH-2GH-8Z","GH","Ph207xB73","0","Rhizosphere","Rhizosphere","Hybrid","MMH-2GH-8Z_S31_L001_R1_001.trimmed.fastq.gz","MMH-2GH-8Z_S31_L001_R2_001.trimmed.fastq.gz","GH","Rhizosphere_GH"
"MMH-2GH-22R","GH","Ph207","1","Root","Root","Inbred","MMH-2GH-22R_S89_L001_R1_001.trimmed.fastq.gz","MMH-2GH-22R_S89_L001_R2_001.trimmed.fastq.gz","GH","Root_GH"
"MMH-52-2Z","IH","B73xPh207","0","Rhizosphere","Rhizosphere","Hybrid","MMH-52-2Z_S72_L001_R1_001.fastq.gz","MMH-52-2Z_S72_L001_R2_001.fastq.gz","MMH","Rhizosphere_MMH"
"MMH-2GH-31K","GH","Mo17","2","Stalk","Stalk","Inbred","MMH-2GH-31K_S135_L001_R1_001.trimmed.fastq.gz","MMH-2GH-31K_S135_L001_R2_001.trimmed.fastq.gz","GH","Stalk_GH"
"END12Ra","IH","DKC70-27","2","Root","Root","Hybrid","END12Ra_S199_L001_R1_001.fastq.gz","END12Ra_S199_L001_R2_001.fastq.gz","END","Root_END"
"MMH-23-2K","IH","B73","0","Stalk","Stalk","Inbred","MMH-23-2K_S52_L001_R1_001.fastq.gz","MMH-23-2K_S52_L001_R2_001.fastq.gz","MMH","Stalk_MMH"
"MMH-2GH-7K","GH","Hopi_blue","0","Stalk","Stalk","Open_Pollinated","MMH-2GH-7K_S134_L001_R1_001.trimmed.fastq.gz","MMH-2GH-7K_S134_L001_R2_001.trimmed.fastq.gz","GH","Stalk_GH"
"MMH-2GH-14Z","GH","Reid_yellow_dent","0","Rhizosphere","Rhizosphere","Open_Pollinated","MMH-2GH-14Z_S37_L001_R1_001.trimmed.fastq.gz","MMH-2GH-14Z_S37_L001_R2_001.trimmed.fastq.gz","GH","Rhizosphere_GH"
"MMH-2GH-3K","GH","Oh43","0","Stalk","Stalk","Inbred","MMH-2GH-3K_S147_L001_R1_001.trimmed.fastq.gz","MMH-2GH-3K_S147_L001_R2_001.trimmed.fastq.gz","GH","Stalk_GH"
"END5Rb","IH","B73","0","Root","Root","Inbred","END5Rb_S224_L001_R1_001.fastq.gz","END5Rb_S224_L001_R2_001.fastq.gz","END","Root_END"
"MMH-2GH-27R","GH","Reid_yellow_dent","1","Root","Root","Open_Pollinated","MMH-2GH-27R_S94_L001_R1_001.trimmed.fastq.gz","MMH-2GH-27R_S94_L001_R2_001.trimmed.fastq.gz","GH","Root_GH"
"MMH-2GH-29K","GH","B73xPh207","1","Stalk","Stalk","Hybrid","MMH-2GH-29K_S113_L001_R1_001.trimmed.fastq.gz","MMH-2GH-29K_S113_L001_R2_001.trimmed.fastq.gz","GH","Stalk_GH"
"END1Ra","IH","Mo17","0","Root","Root","Inbred","END1Ra_S271_L001_R1_001.fastq.gz","END1Ra_S271_L001_R2_001.fastq.gz","END","Root_END"
"END6Rb","IH","CML322","1","Root","Root","Inbred","END6Rb_S284_L001_R1_001.fastq.gz","END6Rb_S284_L001_R2_001.fastq.gz","END","Root_END"
"MMH-2GH-26R","GH","B73xMo17","1","Root","Root","Hybrid","MMH-2GH-26R_S93_L001_R1_001.trimmed.fastq.gz","MMH-2GH-26R_S93_L001_R2_001.trimmed.fastq.gz","GH","Root_GH"
"END8Za","IH","Mo17","1","Rhizosphere","Rhizosphere","Inbred","END8Za_S216_L001_R1_001.fastq.gz","END8Za_S216_L001_R2_001.fastq.gz","END","Rhizosphere_END"
"MMH-2GH-2K","GH","B73xMo17","0","Stalk","Stalk","Hybrid","MMH-2GH-2K_S146_L001_R1_001.trimmed.fastq.gz","MMH-2GH-2K_S146_L001_R2_001.trimmed.fastq.gz","GH","Stalk_GH"
"MMH-2GH-18K","GH","Oh43","1","Stalk","Stalk","Inbred","MMH-2GH-18K_S132_L001_R1_001.trimmed.fastq.gz","MMH-2GH-18K_S132_L001_R2_001.trimmed.fastq.gz","GH","Stalk_GH"
"MMH-2GH-17R","GH","B73","1","Root","Root","Inbred","MMH-2GH-17R_S85_L001_R1_001.trimmed.fastq.gz","MMH-2GH-17R_S85_L001_R2_001.trimmed.fastq.gz","GH","Root_GH"
"MMH-23-1K","IH","B73","0","Stalk","Stalk","Inbred","MMH-23-1K_S51_L001_R1_001.fastq.gz","MMH-23-1K_S51_L001_R2_001.fastq.gz","MMH","Stalk_MMH"
"P6BR","Blank","Blank","Blank","Root","Blank-Root","Blank","P6BR_S248_L001_R1_001.fastq.gz","P6BR_S248_L001_R2_001.fastq.gz","END","Blank-Root_END"
"MMH-2GH-8R","GH","Ph207xB73","0","Root","Root","Hybrid","MMH-2GH-8R_S77_L001_R1_001.trimmed.fastq.gz","MMH-2GH-8R_S77_L001_R2_001.trimmed.fastq.gz","GH","Root_GH"
"P1BK","Blank","Blank","Blank","Stalk","Blank-Stalk","Blank","P1BK_S66_L001_R1_001.fastq.gz","P1BK_S66_L001_R2_001.fastq.gz","END","Blank-Stalk_END"
"MMH-2GH-4Z","GH","B73xCML247","0","Rhizosphere","Rhizosphere","Hybrid","MMH-2GH-4Z_S27_L001_R1_001.trimmed.fastq.gz","MMH-2GH-4Z_S27_L001_R2_001.trimmed.fastq.gz","GH","Rhizosphere_GH"
"MMH-2GH-24K","GH","Mo17xB73","1","Stalk","Stalk","Hybrid","MMH-2GH-24K_S124_L001_R1_001.trimmed.fastq.gz","MMH-2GH-24K_S124_L001_R2_001.trimmed.fastq.gz","GH","Stalk_GH"
"MMH-2GH-45Z","GH","Mo17xB73","2","Rhizosphere","Rhizosphere","Hybrid","MMH-2GH-45Z_S68_L001_R1_001.trimmed.fastq.gz","MMH-2GH-45Z_S68_L001_R2_001.trimmed.fastq.gz","GH","Rhizosphere_GH"
"MMH-2GH-43K","GH","B73xCML247","2","Stalk","Stalk","Hybrid","MMH-2GH-43K_S139_L001_R1_001.trimmed.fastq.gz","MMH-2GH-43K_S139_L001_R2_001.trimmed.fastq.gz","GH","Stalk_GH"
"MMH-2GH-41Z","GH","B73xOh43","2","Rhizosphere","Rhizosphere","Hybrid","MMH-2GH-41Z_S64_L001_R1_001.trimmed.fastq.gz","MMH-2GH-41Z_S64_L001_R2_001.trimmed.fastq.gz","GH","Rhizosphere_GH"
"MMH-2GH-7Z","GH","Hopi_blue","0","Rhizosphere","Rhizosphere","Open_Pollinated","MMH-2GH-7Z_S30_L001_R1_001.trimmed.fastq.gz","MMH-2GH-7Z_S30_L001_R2_001.trimmed.fastq.gz","GH","Rhizosphere_GH"
"MMH-2GH-4R","GH","B73xCML247","0","Root","Root","Hybrid","MMH-2GH-4R_S73_L001_R1_001.trimmed.fastq.gz","MMH-2GH-4R_S73_L001_R2_001.trimmed.fastq.gz","GH","Root_GH"
"MMH-52-1Z","IH","B73xPh207","0","Rhizosphere","Rhizosphere","Hybrid","MMH-52-1Z_S71_L001_R1_001.fastq.gz","MMH-52-1Z_S71_L001_R2_001.fastq.gz","MMH","Rhizosphere_MMH"
"MMH-2GH-40K","GH","Reid_yellow_dent","2","Stalk","Stalk","Open_Pollinated","MMH-2GH-40K_S114_L001_R1_001.trimmed.fastq.gz","MMH-2GH-40K_S114_L001_R2_001.trimmed.fastq.gz","GH","Stalk_GH"
"END1Zb","IH","Mo17","0","Rhizosphere","Rhizosphere","Inbred","END1Zb_S239_L001_R1_001.fastq.gz","END1Zb_S239_L001_R2_001.fastq.gz","END","Rhizosphere_END"
"END3Zb","IH","HP301","0","Rhizosphere","Rhizosphere","Inbred","END3Zb_S275_L001_R1_001.fastq.gz","END3Zb_S275_L001_R2_001.fastq.gz","END","Rhizosphere_END"
"MMH-2GH-20Z","GH","B73xOh43","1","Rhizosphere","Rhizosphere","Hybrid","MMH-2GH-20Z_S43_L001_R1_001.trimmed.fastq.gz","MMH-2GH-20Z_S43_L001_R2_001.trimmed.fastq.gz","GH","Rhizosphere_GH"
"MMH-50-2K","IH","Ph207xB73","0","Stalk","Stalk","Hybrid","MMH-50-2K_S61_L001_R1_001.fastq.gz","MMH-50-2K_S61_L001_R2_001.fastq.gz","MMH","Stalk_MMH"
"MMH-2GH-38K","GH","B73","2","Stalk","Stalk","Inbred","MMH-2GH-38K_S120_L001_R1_001.trimmed.fastq.gz","MMH-2GH-38K_S120_L001_R2_001.trimmed.fastq.gz","GH","Stalk_GH"
"MMH-2GH-BZ","Blank","Blank","Blank","Rhizosphere","Blank-Rhizosphere","Blank","MMH-2GH-BZ_S69_L001_R1_001.trimmed.fastq.gz","MMH-2GH-BZ_S69_L001_R2_001.trimmed.fastq.gz","GH","Blank-Rhizosphere_GH"
"END11Ra","IH","B73xMo17","2","Root","Root","Hybrid","END11Ra_S197_L001_R1_001.fastq.gz","END11Ra_S197_L001_R2_001.fastq.gz","END","Root_END"
"MMH-2GH-36Z","GH","Mo17xPh207","2","Rhizosphere","Rhizosphere","Hybrid","MMH-2GH-36Z_S59_L001_R1_001.trimmed.fastq.gz","MMH-2GH-36Z_S59_L001_R2_001.trimmed.fastq.gz","GH","Rhizosphere_GH"
"P6BK","Blank","Blank","Blank","Stalk","Blank-Stalk","Blank","P6BK_S220_L001_R1_001.fastq.gz","P6BK_S220_L001_R2_001.fastq.gz","END","Blank-Stalk_END"
"END13Rb","IH","903VIP","2","Root","Root","Hybrid","END13Rb_S281_L001_R1_001.fastq.gz","END13Rb_S281_L001_R2_001.fastq.gz","END","Root_END"
"MMH-2GH-13Z","GH","Mo17","0","Rhizosphere","Rhizosphere","Inbred","MMH-2GH-13Z_S36_L001_R1_001.trimmed.fastq.gz","MMH-2GH-13Z_S36_L001_R2_001.trimmed.fastq.gz","GH","Rhizosphere_GH"
"MMH-2GH-13K","GH","Mo17","0","Stalk","Stalk","Inbred","MMH-2GH-13K_S126_L001_R1_001.trimmed.fastq.gz","MMH-2GH-13K_S126_L001_R2_001.trimmed.fastq.gz","GH","Stalk_GH"
"END15Kb","IH","DKC70-27","3","Stalk","Stalk","Hybrid","END15Kb_S241_L001_R1_001.fastq.gz","END15Kb_S241_L001_R2_001.fastq.gz","END","Stalk_END"
"MMH-2GH-36K","GH","Mo17xPh207","2","Stalk","Stalk","Hybrid","MMH-2GH-36K_S145_L001_R1_001.trimmed.fastq.gz","MMH-2GH-36K_S145_L001_R2_001.trimmed.fastq.gz","GH","Stalk_GH"
"MMH-2GH-9K","GH","Mo17xB73","0","Stalk","Stalk","Hybrid","MMH-2GH-9K_S117_L001_R1_001.trimmed.fastq.gz","MMH-2GH-9K_S117_L001_R2_001.trimmed.fastq.gz","GH","Stalk_GH"
"END13Zb","IH","903VIP","2","Rhizosphere","Rhizosphere","Hybrid","END13Zb_S213_L001_R1_001.fastq.gz","END13Zb_S213_L001_R2_001.fastq.gz","END","Rhizosphere_END"
"MMH-2GH-30K","GH","CML247","1","Stalk","Stalk","Inbred","MMH-2GH-30K_S112_L001_R1_001.trimmed.fastq.gz","MMH-2GH-30K_S112_L001_R2_001.trimmed.fastq.gz","GH","Stalk_GH"
"END14Kb","IH","903VIP","3","Stalk","Stalk","Hybrid","END14Kb_S219_L001_R1_001.fastq.gz","END14Kb_S219_L001_R2_001.fastq.gz","END","Stalk_END"
"MMH-52-2K","IH","B73xPh207","0","Stalk","Stalk","Hybrid","MMH-52-2K_S58_L001_R1_001.fastq.gz","MMH-52-2K_S58_L001_R2_001.fastq.gz","MMH","Stalk_MMH"
"END14Ra","IH","903VIP","3","Root","Root","Hybrid","END14Ra_S233_L001_R1_001.fastq.gz","END14Ra_S233_L001_R2_001.fastq.gz","END","Root_END"
"MMH-2GH-15R","GH","Ph207","0","Root","Root","Inbred","MMH-2GH-15R_S83_L001_R1_001.trimmed.fastq.gz","MMH-2GH-15R_S83_L001_R2_001.trimmed.fastq.gz","GH","Root_GH"
"END5Za","IH","B73","0","Rhizosphere","Rhizosphere","Inbred","END5Za_S287_L001_R1_001.fastq.gz","END5Za_S287_L001_R2_001.fastq.gz","END","Rhizosphere_END"
"MMH-2GH-21Z-soil","GH","Soil","1","Soil","Soil","Soil","MMH-2GH-21Z-soil_S44_L001_R1_001.trimmed.fastq.gz","MMH-2GH-21Z-soil_S44_L001_R2_001.trimmed.fastq.gz","GH","Soil_GH"
"MMH-2GH-24R","GH","Mo17xB73","1","Root","Root","Hybrid","MMH-2GH-24R_S91_L001_R1_001.trimmed.fastq.gz","MMH-2GH-24R_S91_L001_R2_001.trimmed.fastq.gz","GH","Root_GH"
"END16Ra","IH","B73xMo17","3","Root","Root","Hybrid","END16Ra_S245_L001_R1_001.fastq.gz","END16Ra_S245_L001_R2_001.fastq.gz","END","Root_END"
"END3Ra","IH","HP301","0","Root","Root","Inbred","END3Ra_S223_L001_R1_001.fastq.gz","END3Ra_S223_L001_R2_001.fastq.gz","END","Root_END"
"END11Zb","IH","B73xMo17","2","Rhizosphere","Rhizosphere","Hybrid","END11Zb_S286_L001_R1_001.fastq.gz","END11Zb_S286_L001_R2_001.fastq.gz","END","Rhizosphere_END"
"MMH-2GH-13R","GH","Mo17","0","Root","Root","Inbred","MMH-2GH-13R_S81_L001_R1_001.trimmed.fastq.gz","MMH-2GH-13R_S81_L001_R2_001.trimmed.fastq.gz","GH","Root_GH"
"MMH-2GH-12R","GH","Mo17xPh207","0","Root","Root","Hybrid","MMH-2GH-12R_S80_L001_R1_001.trimmed.fastq.gz","MMH-2GH-12R_S80_L001_R2_001.trimmed.fastq.gz","GH","Root_GH"
"P2BR","Blank","Blank","Blank","Root","Blank-Root","Blank","P2BR_S213_L001_R1_001.fastq.gz","P2BR_S213_L001_R2_001.fastq.gz","END","Blank-Root_END"
"MMH-2GH-2Z","GH","B73xMo17","0","Rhizosphere","Rhizosphere","Hybrid","MMH-2GH-2Z_S25_L001_R1_001.trimmed.fastq.gz","MMH-2GH-2Z_S25_L001_R2_001.trimmed.fastq.gz","GH","Rhizosphere_GH"
"END7Zb","IH","HP301","1","Rhizosphere","Rhizosphere","Inbred","END7Zb_S226_L001_R1_001.fastq.gz","END7Zb_S226_L001_R2_001.fastq.gz","END","Rhizosphere_END"
"END10Zb","IH","B73","1","Rhizosphere","Rhizosphere","Inbred","END10Zb_S249_L001_R1_001.fastq.gz","END10Zb_S249_L001_R2_001.fastq.gz","END","Rhizosphere_END"
"MMH-2GH-4K","GH","B73xCML247","0","Stalk","Stalk","Hybrid","MMH-2GH-4K_S128_L001_R1_001.trimmed.fastq.gz","MMH-2GH-4K_S128_L001_R2_001.trimmed.fastq.gz","GH","Stalk_GH"
"END12Rb","IH","DKC70-27","2","Root","Root","Hybrid","END12Rb_S211_L001_R1_001.fastq.gz","END12Rb_S211_L001_R2_001.fastq.gz","END","Root_END"
"END5Ra","IH","B73","0","Root","Root","Inbred","END5Ra_S212_L001_R1_001.fastq.gz","END5Ra_S212_L001_R2_001.fastq.gz","END","Root_END"
"END9Kb","IH","PH207","1","Stalk","Stalk","Inbred","END9Kb_S280_L001_R1_001.fastq.gz","END9Kb_S280_L001_R2_001.fastq.gz","END","Stalk_END"
"END12Za","IH","DKC70-27","2","Rhizosphere","Rhizosphere","Hybrid","END12Za_S204_L001_R1_001.fastq.gz","END12Za_S204_L001_R2_001.fastq.gz","END","Rhizosphere_END"
"MMH-2GH-39K","GH","Hopi_blue","2","Stalk","Stalk","Open_Pollinated","MMH-2GH-39K_S142_L001_R1_001.trimmed.fastq.gz","MMH-2GH-39K_S142_L001_R2_001.trimmed.fastq.gz","GH","Stalk_GH"
"END12Ka","IH","DKC70-27","2","Stalk","Stalk","Hybrid","END12Ka_S253_L001_R1_001.fastq.gz","END12Ka_S253_L001_R2_001.fastq.gz","END","Stalk_END"
"END10Kb","IH","B73","1","Stalk","Stalk","Inbred","END10Kb_S279_L001_R1_001.fastq.gz","END10Kb_S279_L001_R2_001.fastq.gz","END","Stalk_END"
"MMH-52-1K","IH","B73xPh207","0","Stalk","Stalk","Hybrid","MMH-52-1K_S56_L001_R1_001.fastq.gz","MMH-52-1K_S56_L001_R2_001.fastq.gz","MMH","Stalk_MMH"
"END2Za","IH","CML322","0","Rhizosphere","Rhizosphere","Inbred","END2Za_S203_L001_R1_001.fastq.gz","END2Za_S203_L001_R2_001.fastq.gz","END","Rhizosphere_END"
"MMH-2GH-BK","Blank","Blank","Blank","Stalk","Blank-Stalk","Blank","MMH-2GH-BK_S150_L001_R1_001.trimmed.fastq.gz","MMH-2GH-BK_S150_L001_R2_001.trimmed.fastq.gz","GH","Blank-Stalk_GH"
"END7Kb","IH","HP301","1","Stalk","Stalk","Inbred","END7Kb_S244_L001_R1_001.fastq.gz","END7Kb_S244_L001_R2_001.fastq.gz","END","Stalk_END"
"MMH-2GH-10K","GH","CML247","0","Stalk","Stalk","Inbred","MMH-2GH-10K_S123_L001_R1_001.trimmed.fastq.gz","MMH-2GH-10K_S123_L001_R2_001.trimmed.fastq.gz","GH","Stalk_GH"
"MMH-23-2Z","IH","B73","0","Rhizosphere","Rhizosphere","Inbred","MMH-23-2Z_S64_L001_R1_001.fastq.gz","MMH-23-2Z_S64_L001_R2_001.fastq.gz","MMH","Rhizosphere_MMH"
"END7Rb","IH","HP301","1","Root","Root","Inbred","END7Rb_S210_L001_R1_001.fastq.gz","END7Rb_S210_L001_R2_001.fastq.gz","END","Root_END"
"MMH-2GH-31R","GH","Mo17","2","Root","Root","Inbred","MMH-2GH-31R_S98_L001_R1_001.trimmed.fastq.gz","MMH-2GH-31R_S98_L001_R2_001.trimmed.fastq.gz","GH","Root_GH"
"MMH-2GH-25K","GH","Mo17","1","Stalk","Stalk","Inbred","MMH-2GH-25K_S122_L001_R1_001.trimmed.fastq.gz","MMH-2GH-25K_S122_L001_R2_001.trimmed.fastq.gz","GH","Stalk_GH"
"END6Zb","IH","CML322","1","Rhizosphere","Rhizosphere","Inbred","END6Zb_S215_L001_R1_001.fastq.gz","END6Zb_S215_L001_R2_001.fastq.gz","END","Rhizosphere_END"
"MMH-2GH-27Z","GH","Reid_yellow_dent","1","Rhizosphere","Rhizosphere","Open_Pollinated","MMH-2GH-27Z_S50_L001_R1_001.trimmed.fastq.gz","MMH-2GH-27Z_S50_L001_R2_001.trimmed.fastq.gz","GH","Rhizosphere_GH"
"END14Ka","IH","903VIP","3","Stalk","Stalk","Hybrid","END14Ka_S207_L001_R1_001.fastq.gz","END14Ka_S207_L001_R2_001.fastq.gz","END","Stalk_END"
"MMH-2GH-9Z","GH","Mo17xB73","0","Rhizosphere","Rhizosphere","Hybrid","MMH-2GH-9Z_S32_L001_R1_001.trimmed.fastq.gz","MMH-2GH-9Z_S32_L001_R2_001.trimmed.fastq.gz","GH","Rhizosphere_GH"
"MMH-50-2Z","IH","Ph207xB73","0","Rhizosphere","Rhizosphere","Hybrid","MMH-50-2Z_S70_L001_R1_001.fastq.gz","MMH-50-2Z_S70_L001_R2_001.fastq.gz","MMH","Rhizosphere_MMH"
"MMH-2GH-42Z","GH","Ph207","2","Rhizosphere","Rhizosphere","Inbred","MMH-2GH-42Z_S65_L001_R1_001.trimmed.fastq.gz","MMH-2GH-42Z_S65_L001_R2_001.trimmed.fastq.gz","GH","Rhizosphere_GH"
"END2Ra","IH","CML322","0","Root","Root","Inbred","END2Ra_S247_L001_R1_001.fastq.gz","END2Ra_S247_L001_R2_001.fastq.gz","END","Root_END"
"END15Za","IH","DKC70-27","3","Rhizosphere","Rhizosphere","Hybrid","END15Za_S250_L001_R1_001.fastq.gz","END15Za_S250_L001_R2_001.fastq.gz","END","Rhizosphere_END"
"MMH-2GH-16K","GH","Ph207xB73","1","Stalk","Stalk","Hybrid","MMH-2GH-16K_S121_L001_R1_001.trimmed.fastq.gz","MMH-2GH-16K_S121_L001_R2_001.trimmed.fastq.gz","GH","Stalk_GH"
"MMH-2GH-37R","GH","B73xPh207","2","Root","Root","Hybrid","MMH-2GH-37R_S103_L001_R1_001.trimmed.fastq.gz","MMH-2GH-37R_S103_L001_R2_001.trimmed.fastq.gz","GH","Root_GH"
"MMH-48-1K","IH","Ried_Yellow_Dent","0","Stalk","Stalk","Open_Pollinated","MMH-48-1K_S53_L001_R1_001.fastq.gz","MMH-48-1K_S53_L001_R2_001.fastq.gz","MMH","Stalk_MMH"
"MMH-2GH-7R","GH","Hopi_blue","0","Root","Root","Open_Pollinated","MMH-2GH-7R_S76_L001_R1_001.trimmed.fastq.gz","MMH-2GH-7R_S76_L001_R2_001.trimmed.fastq.gz","GH","Root_GH"
"END13Za","IH","903VIP","2","Rhizosphere","Rhizosphere","Hybrid","END13Za_S273_L001_R1_001.fastq.gz","END13Za_S273_L001_R2_001.fastq.gz","END","Rhizosphere_END"
"P2BI","Blank","Blank","Blank","Soil","Blank-Soil","Blank","P2BI_S144_L001_R1_001.fastq.gz","P2BI_S144_L001_R2_001.fastq.gz","END","Blank-Soil_END"
"MMH-2GH-39Z","GH","Hopi_blue","2","Rhizosphere","Rhizosphere","Open_Pollinated","MMH-2GH-39Z_S62_L001_R1_001.trimmed.fastq.gz","MMH-2GH-39Z_S62_L001_R2_001.trimmed.fastq.gz","GH","Rhizosphere_GH"
"END3Kb","IH","HP301","0","Stalk","Stalk","Inbred","END3Kb_S205_L001_R1_001.fastq.gz","END3Kb_S205_L001_R2_001.fastq.gz","END","Stalk_END"
"P3BR","Blank","Blank","Blank","Root","Blank-Root","Blank","P3BR_S51_L001_R1_001.fastq.gz","P3BR_S51_L001_R2_001.fastq.gz","END","Blank-Root_END"
"MMH-2GH-25Z","GH","Mo17","1","Rhizosphere","Rhizosphere","Inbred","MMH-2GH-25Z_S48_L001_R1_001.trimmed.fastq.gz","MMH-2GH-25Z_S48_L001_R2_001.trimmed.fastq.gz","GH","Rhizosphere_GH"
"END8Ra","IH","Mo17","1","Root","Root","Inbred","END8Ra_S283_L001_R1_001.fastq.gz","END8Ra_S283_L001_R2_001.fastq.gz","END","Root_END"
"END9Ra","IH","PH207","1","Root","Root","Inbred","END9Ra_S282_L001_R1_001.fastq.gz","END9Ra_S282_L001_R2_001.fastq.gz","END","Root_END"
"END10Ra","IH","B73","1","Root","Root","Inbred","END10Ra_S222_L001_R1_001.fastq.gz","END10Ra_S222_L001_R2_001.fastq.gz","END","Root_END"
"MMH-2GH-6Z","GH","B73xPh207","0","Rhizosphere","Rhizosphere","Hybrid","MMH-2GH-6Z_S29_L001_R1_001.trimmed.fastq.gz","MMH-2GH-6Z_S29_L001_R2_001.trimmed.fastq.gz","GH","Rhizosphere_GH"
"MMH-2GH-20K","GH","B73xOh43","1","Stalk","Stalk","Hybrid","MMH-2GH-20K_S130_L001_R1_001.trimmed.fastq.gz","MMH-2GH-20K_S130_L001_R2_001.trimmed.fastq.gz","GH","Stalk_GH"
"MMH-2GH-1K","GH","B73xOh43","0","Stalk","Stalk","Hybrid","MMH-2GH-1K_S143_L001_R1_001.trimmed.fastq.gz","MMH-2GH-1K_S143_L001_R2_001.trimmed.fastq.gz","GH","Stalk_GH"
"MMH-23-1Z","IH","B73","0","Rhizosphere","Rhizosphere","Inbred","MMH-23-1Z_S63_L001_R1_001.fastq.gz","MMH-23-1Z_S63_L001_R2_001.fastq.gz","MMH","Rhizosphere_MMH"
"MMH-48-2K","IH","Ried_Yellow_Dent","0","Stalk","Stalk","Open_Pollinated","MMH-48-2K_S54_L001_R1_001.fastq.gz","MMH-48-2K_S54_L001_R2_001.fastq.gz","MMH","Stalk_MMH"
"MMH-2GH-6R","GH","B73xPh207","0","Root","Root","Hybrid","MMH-2GH-6R_S75_L001_R1_001.trimmed.fastq.gz","MMH-2GH-6R_S75_L001_R2_001.trimmed.fastq.gz","GH","Root_GH"
"MMH-2GH-40Z","GH","Reid_yellow_dent","2","Rhizosphere","Rhizosphere","Open_Pollinated","MMH-2GH-40Z_S63_L001_R1_001.trimmed.fastq.gz","MMH-2GH-40Z_S63_L001_R2_001.trimmed.fastq.gz","GH","Rhizosphere_GH"
"END3Rb","IH","HP301","0","Root","Root","Inbred","END3Rb_S235_L001_R1_001.fastq.gz","END3Rb_S235_L001_R2_001.fastq.gz","END","Root_END"
"END6Kb","IH","CML322","1","Stalk","Stalk","Inbred","END6Kb_S278_L001_R1_001.fastq.gz","END6Kb_S278_L001_R2_001.fastq.gz","END","Stalk_END"
"MMH-2GH-42R","GH","Ph207","2","Root","Root","Inbred","MMH-2GH-42R_S107_L001_R1_001.trimmed.fastq.gz","MMH-2GH-42R_S107_L001_R2_001.trimmed.fastq.gz","GH","Root_GH"
"MMH-2GH-32R","GH","Ph207xB73","2","Root","Root","Hybrid","MMH-2GH-32R_S99_L001_R1_001.trimmed.fastq.gz","MMH-2GH-32R_S99_L001_R2_001.trimmed.fastq.gz","GH","Root_GH"
"END4Ra","IH","PH207","0","Root","Root","Inbred","END4Ra_S236_L001_R1_001.fastq.gz","END4Ra_S236_L001_R2_001.fastq.gz","END","Root_END"
"END4Zb","IH","PH207","0","Rhizosphere","Rhizosphere","Inbred","END4Zb_S263_L001_R1_001.fastq.gz","END4Zb_S263_L001_R2_001.fastq.gz","END","Rhizosphere_END"
"MMH-2GH-34R","GH","Ph207xMo17","2","Root","Root","Hybrid","MMH-2GH-34R_S100_L001_R1_001.trimmed.fastq.gz","MMH-2GH-34R_S100_L001_R2_001.trimmed.fastq.gz","GH","Root_GH"
"END6Za","IH","CML322","1","Rhizosphere","Rhizosphere","Inbred","END6Za_S251_L001_R1_001.fastq.gz","END6Za_S251_L001_R2_001.fastq.gz","END","Rhizosphere_END"
"END12Kb","IH","DKC70-27","2","Stalk","Stalk","Hybrid","END12Kb_S265_L001_R1_001.fastq.gz","END12Kb_S265_L001_R2_001.fastq.gz","END","Stalk_END"
"MMH-2GH-18Z","GH","Oh43","1","Rhizosphere","Rhizosphere","Inbred","MMH-2GH-18Z_S41_L001_R1_001.trimmed.fastq.gz","MMH-2GH-18Z_S41_L001_R2_001.trimmed.fastq.gz","GH","Rhizosphere_GH"
"MMH-55-2Z","IH","Bloody_Butcher_corn","0","Rhizosphere","Rhizosphere","Open_Pollinated","MMH-55-2Z_S74_L001_R1_001.fastq.gz","MMH-55-2Z_S74_L001_R2_001.fastq.gz","MMH","Rhizosphere_MMH"
"MMH-50-1K","IH","Ph207xB73","0","Stalk","Stalk","Hybrid","MMH-50-1K_S60_L001_R1_001.fastq.gz","MMH-50-1K_S60_L001_R2_001.fastq.gz","MMH","Stalk_MMH"
"MMH-2GH-5R","GH","B73","0","Root","Root","Inbred","MMH-2GH-5R_S74_L001_R1_001.trimmed.fastq.gz","MMH-2GH-5R_S74_L001_R2_001.trimmed.fastq.gz","GH","Root_GH"
"MMH-2GH-1R","GH","B73xOh43","0","Root","Root","Hybrid","MMH-2GH-1R_S70_L001_R1_001.trimmed.fastq.gz","MMH-2GH-1R_S70_L001_R2_001.trimmed.fastq.gz","GH","Root_GH"
"P4BZ","Blank","Blank","Blank","Rhizosphere","Blank-Rhizosphere","Blank","P4BZ_S60_L001_R1_001.fastq.gz","P4BZ_S60_L001_R2_001.fastq.gz","END","Blank-Rhizosphere_END"
"MMH-55-1Z","IH","Bloody_Butcher_corn","0","Rhizosphere","Rhizosphere","Open_Pollinated","MMH-55-1Z_S73_L001_R1_001.fastq.gz","MMH-55-1Z_S73_L001_R2_001.fastq.gz","MMH","Rhizosphere_MMH"
"END8Rb","IH","Mo17","1","Root","Root","Inbred","END8Rb_S200_L001_R1_001.fastq.gz","END8Rb_S200_L001_R2_001.fastq.gz","END","Root_END"
"MMH-2GH-19K","GH","B73xCML247","1","Stalk","Stalk","Hybrid","MMH-2GH-19K_S131_L001_R1_001.trimmed.fastq.gz","MMH-2GH-19K_S131_L001_R2_001.trimmed.fastq.gz","GH","Stalk_GH"
"MMH-2GH-19R","GH","B73xCML247","1","Root","Root","Hybrid","MMH-2GH-19R_S87_L001_R1_001.trimmed.fastq.gz","MMH-2GH-19R_S87_L001_R2_001.trimmed.fastq.gz","GH","Root_GH"
"MMH-2GH-14R","GH","Reid_yellow_dent","0","Root","Root","Open_Pollinated","MMH-2GH-14R_S82_L001_R1_001.trimmed.fastq.gz","MMH-2GH-14R_S82_L001_R2_001.trimmed.fastq.gz","GH","Root_GH"
"MMH-2GH-45K","GH","Mo17xB73","2","Stalk","Stalk","Hybrid","MMH-2GH-45K_S127_L001_R1_001.trimmed.fastq.gz","MMH-2GH-45K_S127_L001_R2_001.trimmed.fastq.gz","GH","Stalk_GH"
"END11Rb","IH","B73xMo17","2","Root","Root","Hybrid","END11Rb_S209_L001_R1_001.fastq.gz","END11Rb_S209_L001_R2_001.fastq.gz","END","Root_END"
"END11Za","IH","B73xMo17","2","Rhizosphere","Rhizosphere","Hybrid","END11Za_S202_L001_R1_001.fastq.gz","END11Za_S202_L001_R2_001.fastq.gz","END","Rhizosphere_END"
"END7Ra","IH","HP301","1","Root","Root","Inbred","END7Ra_S198_L001_R1_001.fastq.gz","END7Ra_S198_L001_R2_001.fastq.gz","END","Root_END"
"MMH-2GH-6K","GH","B73xPh207","0","Stalk","Stalk","Hybrid","MMH-2GH-6K_S129_L001_R1_001.trimmed.fastq.gz","MMH-2GH-6K_S129_L001_R2_001.trimmed.fastq.gz","GH","Stalk_GH"
"END13Kb","IH","903VIP","2","Stalk","Stalk","Hybrid","END13Kb_S231_L001_R1_001.fastq.gz","END13Kb_S231_L001_R2_001.fastq.gz","END","Stalk_END"
"MMH-2GH-18R","GH","Oh43","1","Root","Root","Inbred","MMH-2GH-18R_S86_L001_R1_001.trimmed.fastq.gz","MMH-2GH-18R_S86_L001_R2_001.trimmed.fastq.gz","GH","Root_GH"
"P3BZ","Blank","Blank","Blank","Rhizosphere","Blank-Rhizosphere","Blank","P3BZ_S264_L001_R1_001.fastq.gz","P3BZ_S264_L001_R2_001.fastq.gz","END","Blank-Rhizosphere_END"
"END16Kb","IH","B73xMo17","3","Stalk","Stalk","Hybrid","END16Kb_S255_L001_R1_001.fastq.gz","END16Kb_S255_L001_R2_001.fastq.gz","END","Stalk_END"
"MMH-33-2Z","IH","Ph207","0","Rhizosphere","Rhizosphere","Inbred","MMH-33-2Z_S66_L001_R1_001.fastq.gz","MMH-33-2Z_S66_L001_R2_001.fastq.gz","MMH","Rhizosphere_MMH"
"END5Kb","IH","B73","0","Stalk","Stalk","Inbred","END5Kb_S277_L001_R1_001.fastq.gz","END5Kb_S277_L001_R2_001.fastq.gz","END","Stalk_END"
"MMH-2GH-44R","GH","Oh43","2","Root","Root","Inbred","MMH-2GH-44R_S109_L001_R1_001.trimmed.fastq.gz","MMH-2GH-44R_S109_L001_R2_001.trimmed.fastq.gz","GH","Root_GH"
"END16Ka","IH","B73xMo17","3","Stalk","Stalk","Hybrid","END16Ka_S267_L001_R1_001.fastq.gz","END16Ka_S267_L001_R2_001.fastq.gz","END","Stalk_END"
"END7Za","IH","HP301","1","Rhizosphere","Rhizosphere","Inbred","END7Za_S237_L001_R1_001.fastq.gz","END7Za_S237_L001_R2_001.fastq.gz","END","Rhizosphere_END"
"MMH-55-2K","IH","Bloody_Butcher_corn","0","Stalk","Stalk","Open_Pollinated","MMH-55-2K_S57_L001_R1_001.fastq.gz","MMH-55-2K_S57_L001_R2_001.fastq.gz","MMH","Stalk_MMH"
"MMH-2GH-35R","GH","B73xMo17","2","Root","Root","Hybrid","MMH-2GH-35R_S101_L001_R1_001.trimmed.fastq.gz","MMH-2GH-35R_S101_L001_R2_001.trimmed.fastq.gz","GH","Root_GH"
"MMH-2GH-44K","GH","Oh43","2","Stalk","Stalk","Inbred","MMH-2GH-44K_S136_L001_R1_001.trimmed.fastq.gz","MMH-2GH-44K_S136_L001_R2_001.trimmed.fastq.gz","GH","Stalk_GH"
"END10Za","IH","B73","1","Rhizosphere","Rhizosphere","Inbred","END10Za_S285_L001_R1_001.fastq.gz","END10Za_S285_L001_R2_001.fastq.gz","END","Rhizosphere_END"
"MMH-2GH-27K","GH","Reid_yellow_dent","1","Stalk","Stalk","Open_Pollinated","MMH-2GH-27K_S141_L001_R1_001.trimmed.fastq.gz","MMH-2GH-27K_S141_L001_R2_001.trimmed.fastq.gz","GH","Stalk_GH"
"END15Ka","IH","DKC70-27","3","Stalk","Stalk","Hybrid","END15Ka_S229_L001_R1_001.fastq.gz","END15Ka_S229_L001_R2_001.fastq.gz","END","Stalk_END"
"P2BS","Blank","Blank","Blank","Soil","Blank-Soil","Blank","P2BS_S152_L001_R1_001.fastq.gz","P2BS_S152_L001_R2_001.fastq.gz","END","Blank-Soil_END"
"MMH-2GH-20R","GH","B73xOh43","1","Root","Root","Hybrid","MMH-2GH-20R_S88_L001_R1_001.trimmed.fastq.gz","MMH-2GH-20R_S88_L001_R2_001.trimmed.fastq.gz","GH","Root_GH"
"MMH-2GH-10Z","GH","CML247","0","Rhizosphere","Rhizosphere","Inbred","MMH-2GH-10Z_S34_L001_R1_001.trimmed.fastq.gz","MMH-2GH-10Z_S34_L001_R2_001.trimmed.fastq.gz","GH","Rhizosphere_GH"
"END4Za","IH","PH207","0","Rhizosphere","Rhizosphere","Inbred","END4Za_S252_L001_R1_001.fastq.gz","END4Za_S252_L001_R2_001.fastq.gz","END","Rhizosphere_END"
"END5Ka","IH","B73","0","Stalk","Stalk","Inbred","END5Ka_S194_L001_R1_001.fastq.gz","END5Ka_S194_L001_R2_001.fastq.gz","END","Stalk_END"
"MMH-2GH-17Z","GH","B73","1","Rhizosphere","Rhizosphere","Inbred","MMH-2GH-17Z_S40_L001_R1_001.trimmed.fastq.gz","MMH-2GH-17Z_S40_L001_R2_001.trimmed.fastq.gz","GH","Rhizosphere_GH"
