"","Kingdom","Phylum","Class","Order","Family","Genus","Species"
"c525b6b8c3562748ab55fa31a4f4f8d5","Bacteria","Acidobacteria","Blastocatellia (Subgroup 4)","11-24","uncultured Acidobacteriales bacterium","uncultured Acidobacteriales bacterium","uncultured Acidobacteriales bacterium"
"d06f8293d7b829285d717bc71f8b41fd","Bacteria","Acidobacteria","Blastocatellia (Subgroup 4)","11-24","uncultured Acidobacteriales bacterium","uncultured Acidobacteriales bacterium","uncultured Acidobacteriales bacterium"
"632413e6d6aa77df3f9d584d6c7c07ff","Bacteria","Acidobacteria","Acidobacteriia","Acidobacteriales","uncultured",NA,NA
"37e5ceab7a605656a8508c3c6223ea4a","Bacteria","Acidobacteria","Acidobacteriia","Acidobacteriales","uncultured",NA,NA
"0e1740453f61fc5bda28913b0f7ec2e4","Bacteria","Acidobacteria","Acidobacteriia","Acidobacteriales","Acidobacteriaceae (Subgroup 1)","Edaphobacter",NA
"c968a24defa6cfdda5a32b764efdb51a","Bacteria","Acidobacteria","Acidobacteriia","Acidobacteriales","Acidobacteriaceae (Subgroup 1)",NA,NA
"f902947e368d991a7efdc0f90870e219","Bacteria","Acidobacteria","Acidobacteriia","Acidobacteriales","Acidobacteriaceae (Subgroup 1)","uncultured","Acidobacteria bacterium AB60"
"4c57ed030a88257fdabf8ea440c7ef99","Bacteria","Acidobacteria","Acidobacteriia","Solibacterales","Solibacteraceae (Subgroup 3)","Bryobacter",NA
"4750a7ec8f25de5986f965ada53afe43","Bacteria","Acidobacteria","Acidobacteriia","Solibacterales","Solibacteraceae (Subgroup 3)","Candidatus Solibacter",NA
"32bc973f8d6f8be4923d642dc42b7985","Bacteria","Acidobacteria","Acidobacteriia","Solibacterales","Solibacteraceae (Subgroup 3)","Candidatus Solibacter",NA
"c27cddd00581086c6392c202f5acab81","Bacteria","Acidobacteria","Acidobacteriia","Solibacterales","Solibacteraceae (Subgroup 3)","Candidatus Solibacter",NA
"90f5b435825e3eec634c9b21900501a7","Bacteria","Acidobacteria","Acidobacteriia","Solibacterales","Solibacteraceae (Subgroup 3)","Candidatus Solibacter",NA
"6cabdca8af0d7a5a11666415128fc8fa","Bacteria","Acidobacteria","Acidobacteriia","Solibacterales","Solibacteraceae (Subgroup 3)","Candidatus Solibacter",NA
"2eb68c719abf8bc385cb19d6bb08af60","Bacteria","Chloroflexi","Anaerolineae","SBR1031","A4b",NA,NA
"a093148f14136946dcf9ff292c07deda","Bacteria","Chloroflexi","Anaerolineae","SBR1031","A4b","wastewater metagenome","wastewater metagenome"
"2ac527f0c2e5c1c353302719df762b41","Bacteria","Chloroflexi","Dehalococcoidia","S085","uncultured bacterium 5G4","uncultured bacterium 5G4","uncultured bacterium 5G4"
"cb360ea5bb2758bf65a008ede7b4ec40","Bacteria","Chloroflexi","KD4-96","uncultured bacterium","uncultured bacterium","uncultured bacterium","uncultured bacterium"
"c1442e06ba8b8142801cea6079095f96","Bacteria","Chloroflexi","Chloroflexia","Chloroflexales","Roseiflexaceae","uncultured","uncultured bacterium"
"9f3762c67f58d5cd43a6fbca1a5ebe62","Bacteria","Chloroflexi","Ktedonobacteria","Ktedonobacterales","Ktedonobacteraceae",NA,NA
"8ae64217ed70b3c10c0f134ccb79726a","Bacteria","Chloroflexi","Ktedonobacteria","Ktedonobacterales","Ktedonobacteraceae","uncultured","uncultured Ktedobacteria bacterium"
"0ed33a959ceae0bcd18f815191b7a4e3","Bacteria","Chloroflexi","Ktedonobacteria","Ktedonobacterales","JG30-KF-AS9","Chloroflexi bacterium Ellin7237","Chloroflexi bacterium Ellin7237"
"a8d1247c47556185bf39ac30f8691536","Bacteria","Chloroflexi","Chloroflexia","Thermomicrobiales","JG30-KF-CM45","uncultured Thermomicrobium sp.","uncultured Thermomicrobium sp."
"08465edd500b398e1bdd16b711daf176","Bacteria","Chloroflexi","Chloroflexia","Thermomicrobiales","JG30-KF-CM45",NA,NA
"002071f7a06342cc72a742fd8072c35e","Bacteria","Chloroflexi","Chloroflexia","Thermomicrobiales","JG30-KF-CM45",NA,NA
"3bf42b592786a3d02b6aa411b483831e","Bacteria","Armatimonadetes","uncultured","metagenome","metagenome","metagenome","metagenome"
"63f70dd957847b328a969eeb7a38f5cd","Bacteria","Proteobacteria","Deltaproteobacteria","Oligoflexales","0319-6G20",NA,NA
"2f2029c60583331d1401806d22635b56","Bacteria","Proteobacteria","Deltaproteobacteria","Oligoflexales","0319-6G20","uncultured Syntrophobacteraceae bacterium","uncultured Syntrophobacteraceae bacterium"
"60893c21a3a3ce25d7213b6a4745ef21","Bacteria","Acidobacteria","Holophagae","Subgroup 7","uncultured candidate division OS-K bacterium","uncultured candidate division OS-K bacterium","uncultured candidate division OS-K bacterium"
"82602f53725970c69e0ac88ce6a1a26c","Bacteria","Bacteroidetes","Bacteroidia","Cytophagales","Spirosomaceae","Spirosoma","Spirosoma oryzae"
"c021ddeb8058e17f944dcceaf8a1350d","Bacteria","Bacteroidetes","Bacteroidia","Cytophagales","Spirosomaceae","Dyadobacter",NA
"374fb1265f72a96d3565169510a68af9","Bacteria","Bacteroidetes","Bacteroidia","Flavobacteriales","Flavobacteriaceae","Flavobacterium",NA
"ee5ed45abe3ff2a799b0aa0ddbd8327d","Bacteria","Bacteroidetes","Bacteroidia","Sphingobacteriales","Sphingobacteriaceae","Pedobacter",NA
"90b8ea885e099e93b3fba026c6e47d06","Bacteria","Bacteroidetes","Bacteroidia","Sphingobacteriales","env.OPS 17",NA,NA
"d4088a736d4e6d63708ee519c9899f64","Bacteria","Bacteroidetes","Bacteroidia","Chitinophagales","Chitinophagaceae","Chitinophaga","eubacterium sp. 22-7"
"85e119d88d69c75f074bb6ff1c914d60","Bacteria","Bacteroidetes","Bacteroidia","Chitinophagales","Chitinophagaceae","Parafilimonas","metagenome"
"59c1f11a1100904fdfe4d48020446be7","Bacteria","Bacteroidetes","Bacteroidia","Chitinophagales","Chitinophagaceae",NA,NA
"5cdb80467cba0610788fb1b68da0f559","Bacteria","Bacteroidetes","Bacteroidia","Chitinophagales","Chitinophagaceae",NA,NA
"183acc20a7b6fc96fd9746fed729cdd4","Bacteria","Bacteroidetes","Bacteroidia","Chitinophagales","Chitinophagaceae","Terrimonas",NA
"e5f42255ef1d743fc30d73a80021b060","Bacteria","Bacteroidetes","Bacteroidia","Chitinophagales","Chitinophagaceae",NA,NA
"7f44f5eec82e21c0acafd231aff4611b","Bacteria","Bacteroidetes","Bacteroidia","Chitinophagales","Chitinophagaceae","Terrimonas",NA
"b48ce3a1be779f3497a4f2172fff198a","Bacteria","Bacteroidetes","Bacteroidia","Chitinophagales","Chitinophagaceae","Terrimonas",NA
"db626ee32b45318a7e9d034be643e2bb","Bacteria","Bacteroidetes","Bacteroidia","Chitinophagales","Chitinophagaceae",NA,NA
"0b1af41bf7fe931445a16f37b93a1d5d","Bacteria","Bacteroidetes","Bacteroidia","Chitinophagales","Chitinophagaceae","Niastella","metagenome"
"7f096c90104bf897a14800c1cae92c48","Bacteria","Bacteroidetes","Bacteroidia","Chitinophagales","Chitinophagaceae",NA,NA
"51a1b6be2b09c5f86056ab71783565db","Bacteria","Bacteroidetes","Bacteroidia","Chitinophagales","Chitinophagaceae","uncultured",NA
"a3b249d70f4a56213050ce8de2cfff86","Bacteria","WPS-2","uncultured forest soil bacterium","uncultured forest soil bacterium","uncultured forest soil bacterium","uncultured forest soil bacterium","uncultured forest soil bacterium"
"f903493187958b8ad4980fd82dc9760d","Bacteria","Deinococcus-Thermus","Deinococci","Deinococcales","Deinococcaceae","Deinococcus",NA
"33d5a7b07c4faf11cd41777db18b8aa6","Bacteria","Planctomycetes","Phycisphaerae","Tepidisphaerales","CPla-3 termite group",NA,NA
"a5dce76dd95f22c459eaaf772fd623fd","Bacteria","Planctomycetes","Phycisphaerae","Tepidisphaerales","CPla-3 termite group","metagenome","metagenome"
"1e1daf5c90692d541690ca2daebd1a49","Bacteria","Planctomycetes","Phycisphaerae","Tepidisphaerales","CPla-3 termite group","metagenome","metagenome"
"331830da17c1cbc83dfb2857c4ff2326","Bacteria","Planctomycetes","Phycisphaerae","Tepidisphaerales","WD2101 soil group",NA,NA
"18eea9b8b820ac6601ec488d9355aa9e","Bacteria","Planctomycetes","Phycisphaerae","Tepidisphaerales","WD2101 soil group",NA,NA
"e99b640042ec5066b90c61186886ccfc","Bacteria","Planctomycetes","Phycisphaerae","Tepidisphaerales","WD2101 soil group",NA,NA
"ebdd9d0c40750bff40182f5157b5985a","Bacteria","Planctomycetes","Phycisphaerae","Tepidisphaerales","WD2101 soil group","uncultured Planctomycetales bacterium","uncultured Planctomycetales bacterium"
"05e7c881dec6f32b8d3781a4776807d5","Bacteria","Planctomycetes","Phycisphaerae","Tepidisphaerales","WD2101 soil group","uncultured Planctomycetales bacterium","uncultured Planctomycetales bacterium"
"37f141be17eab485cadeb76f39cda18f","Bacteria","Planctomycetes","Phycisphaerae","Tepidisphaerales","WD2101 soil group",NA,NA
"24f8601153fb230075cfddb064646227","Bacteria","Planctomycetes","Phycisphaerae","Tepidisphaerales","WD2101 soil group",NA,NA
"9a4e8e820abcb872958f03963bb5cbb6","Bacteria","Planctomycetes","Phycisphaerae","Tepidisphaerales","WD2101 soil group",NA,NA
"838c7d7e4639ccea58f722de53d3e113","Bacteria","Planctomycetes","Phycisphaerae","Tepidisphaerales","WD2101 soil group",NA,NA
"fcac97f9781341f9c508a12a7b611353","Bacteria","Planctomycetes","Planctomycetacia","Pirellulales","Pirellulaceae","Pirellula",NA
"ba423860ac5355a5604c0afc0b09ff94","Bacteria","Planctomycetes","Planctomycetacia","Pirellulales","Pirellulaceae",NA,NA
"87c92cc04b36f9542ecdf5990cead7a2","Bacteria","Planctomycetes","Planctomycetacia","Pirellulales","Pirellulaceae","Pirellula","uncultured Pasteuria sp."
"d7302937931ee8796ab8ce35b2d31861","Bacteria","Planctomycetes","Planctomycetacia","Pirellulales","Pirellulaceae","uncultured",NA
"d98f02df83b08786a69c1d4d56465e48","Bacteria","Planctomycetes","Planctomycetacia","Pirellulales","Pirellulaceae","uncultured","uncultured sludge bacterium A40"
"ce407c9cdca03cc73457430f562ebce6","Bacteria","Planctomycetes","Planctomycetacia","Pirellulales","Pirellulaceae","uncultured",NA
"cfd5e660074e5a53a1a484c970daa188","Bacteria","Planctomycetes","Planctomycetacia","Pirellulales","Pirellulaceae","uncultured",NA
"f9a4e554e34ddd52f2dd2ab97c365dd5","Bacteria","Planctomycetes","Planctomycetacia","Pirellulales","Pirellulaceae","uncultured",NA
"e687840fcb9b708ade74f1b9ddae2a79","Bacteria","Planctomycetes","Planctomycetacia","Pirellulales","Pirellulaceae","uncultured",NA
"a93a8ce20433fe6d9e7e8b40779d1cbc","Bacteria","Planctomycetes","Planctomycetacia","Pirellulales","Pirellulaceae","uncultured","uncultured sludge bacterium A17"
"a762fe65fbb44000123a8f91d002d285","Bacteria","Planctomycetes","Planctomycetacia","Pirellulales","Pirellulaceae","uncultured",NA
"e4aaaf91b157c19d1bae0073ff3023a7","Bacteria","Planctomycetes","Planctomycetacia","Pirellulales","Pirellulaceae","uncultured",NA
"9b0a626524eada655cfcf5c1ed0ee9af","Bacteria","Planctomycetes","Planctomycetacia","Pirellulales","Pirellulaceae","uncultured",NA
"b6fbf0a5c738a9873e054dd10acdc471","Bacteria","Planctomycetes","Planctomycetacia","Pirellulales","Pirellulaceae","uncultured",NA
"9fe11a5717148d08bb02bc98cfba737b","Bacteria","Planctomycetes","Planctomycetacia","Pirellulales","Pirellulaceae","Pir4 lineage",NA
"7e1270eeda0816d0a658bb783a1b34b2","Bacteria","Planctomycetes","Planctomycetacia","Pirellulales","Pirellulaceae","Pir4 lineage","Planctomycetaceae bacterium LX124"
"2ddc38797201378d1cb89cffd44bb1a7","Bacteria","Planctomycetes","Planctomycetacia","Gemmatales","Gemmataceae","uncultured",NA
"23cbed40f14dcb5af624b0448badbd0a","Bacteria","Planctomycetes","Planctomycetacia","Isosphaerales","Isosphaeraceae","uncultured","Singulisphaera sp. WX121"
"b99d9c4f04a3f9ae7e3f93ea8dc5fd07","Bacteria","Planctomycetes","Planctomycetacia","Isosphaerales","Isosphaeraceae","uncultured","uncultured soil bacterium"
"bc55254e2ad62c563eca6c9c0e9da274","Bacteria","Planctomycetes","Planctomycetacia","Isosphaerales","Isosphaeraceae","uncultured",NA
"5a1b230321bf75eaacc64c7ded813229","Bacteria","Planctomycetes","Planctomycetacia","Isosphaerales","Isosphaeraceae","Singulisphaera",NA
"7274bca7ef6c043b611626390333a001","Bacteria","Planctomycetes","Planctomycetacia","Isosphaerales","Isosphaeraceae","Singulisphaera",NA
"585408bd1d4fb1a34bdfdca1a1858afe","Bacteria","Planctomycetes","Planctomycetacia","Isosphaerales","Isosphaeraceae","Singulisphaera",NA
"0b73f95e523a05df29fbb74d26ee9d1f","Bacteria","Planctomycetes","Planctomycetacia","Isosphaerales","Isosphaeraceae",NA,NA
"bebbd48310f1fe74cfd2b05918b632a1","Bacteria","Planctomycetes","Planctomycetacia","Isosphaerales","Isosphaeraceae","Aquisphaera",NA
"16b35d90a70f49dc8ae8a9ee6d920c9e","Bacteria","Planctomycetes","Planctomycetacia","Isosphaerales","Isosphaeraceae",NA,NA
"192b8083e1c8328740789da7c6d1d100","Bacteria","Planctomycetes","Planctomycetacia","Isosphaerales","Isosphaeraceae","Paludisphaera",NA
"9853410347f2d964a9fdcbfcc4819fd1","Bacteria","Planctomycetes","Planctomycetacia","Isosphaerales","Isosphaeraceae",NA,NA
"3de1f6c6ef5557ef1f9cf007b60bdae1","Bacteria","Planctomycetes","Planctomycetacia","Isosphaerales","Isosphaeraceae","Paludisphaera","Paludisphaera borealis"
"2a4a1d28926155698c70538a6430f17b","Bacteria","Planctomycetes","Planctomycetacia","Gemmatales","Gemmataceae","uncultured",NA
"3202ca8b00e04dd89b2eee50f51d5aff","Bacteria","Planctomycetes","Planctomycetacia","Gemmatales","Gemmataceae","uncultured","uncultured Planctomycetia bacterium"
"9231f0745a5781f18943f7621b1bcf48","Bacteria","Planctomycetes","Planctomycetacia","Gemmatales","Gemmataceae","uncultured","uncultured Zavarzinella sp."
"390d3197c39f67b50db3923779343737","Bacteria","Planctomycetes","Planctomycetacia","Gemmatales","Gemmataceae","uncultured",NA
"4e112ee42d3a1afddec9908a8514fff7","Bacteria","Planctomycetes","Planctomycetacia","Gemmatales","Gemmataceae","Gemmata",NA
"78a4c558b7f9934dfedca8643708a9fb","Bacteria","Planctomycetes","Planctomycetacia","Gemmatales","Gemmataceae","Gemmata","Gemmata sp. Fl1-1"
"ea60a58db230cf7de06721374196557e","Bacteria","Planctomycetes","Planctomycetacia","Gemmatales","Gemmataceae","Gemmata","Gemmata sp. Fl1-1"
"17635b87e4d725ad4140a5c09ed985f4","Bacteria","Planctomycetes","Planctomycetacia","Gemmatales","Gemmataceae","Fimbriiglobus","Gemmata sp. Wa1-6"
"fc1fc962f87279303b17b08fb365125d","Bacteria","Planctomycetes","Planctomycetacia","Gemmatales","Gemmataceae","Gemmata",NA
"86bd3bfd26dbbf0f64aae4c08a6458da","Bacteria","Planctomycetes","Planctomycetacia","Gemmatales","Gemmataceae","Gemmata",NA
"abc11d3b8b2c37ee09282119c349cb08","Bacteria","Planctomycetes","Planctomycetacia","Gemmatales","Gemmataceae","Gemmata",NA
"f4ffd84e8969e347d69ddb9ef165800e","Bacteria","Planctomycetes","Planctomycetacia","Gemmatales","Gemmataceae","Gemmata","Gemmata sp. Ha1-2"
"471250d0271fc8767d162488378fdb17","Bacteria","Planctomycetes","Planctomycetacia","Gemmatales","Gemmataceae","Gemmata",NA
"5c80b6bff44baa2a0924ef2d3d2b672a","Bacteria","Planctomycetes","Planctomycetacia","Gemmatales","Gemmataceae","Gemmata",NA
"9d64c567ca41dea07ecb2ef8a2b689c3","Bacteria","Planctomycetes","Planctomycetacia","Gemmatales","Gemmataceae","Gemmata",NA
"44f103a45ea531ea1c6a087a290aba4f","Bacteria","Planctomycetes","Planctomycetacia","Gemmatales","Gemmataceae","uncultured",NA
"e734f506e13ed1371cd185d76ab22ef7","Bacteria","Planctomycetes","Planctomycetacia","Gemmatales","Gemmataceae","uncultured",NA
"69d970c0b83b8a78d6b77799cacb45a5","Bacteria","Planctomycetes","Planctomycetacia","Planctomycetales","uncultured",NA,NA
"69cffbf28dadaddd0f444c6191e2d6a4","Bacteria","Planctomycetes","Planctomycetacia","Planctomycetales","uncultured","uncultured soil bacterium","uncultured soil bacterium"
"d2ee71007d7cf9647f56e22e0a2e1c4d","Bacteria","Planctomycetes","Planctomycetacia","Planctomycetales","uncultured",NA,NA
"585e233c5f9e4d30af08c7e845868086","Bacteria","Planctomycetes","Planctomycetacia","Planctomycetales","uncultured",NA,NA
"7da11554b94a1296c265a1c5e7e1d1a6","Bacteria","Planctomycetes","BD7-11","uncultured bacterium","uncultured bacterium","uncultured bacterium","uncultured bacterium"
"626e8cadaf434c0bfa78c13d1dbde018","Bacteria","Planctomycetes","BD7-11","uncultured bacterium","uncultured bacterium","uncultured bacterium","uncultured bacterium"
"00310aca2b8fb692de41ae29d38be9e0","Bacteria","Actinobacteria","Actinobacteria","Catenulisporales","Actinospicaceae","Actinospica",NA
"09f120a1a53783e3e035210e1b51a204","Bacteria","Actinobacteria","Actinobacteria","Frankiales","Sporichthyaceae","Sporichthya",NA
"6e2f5946722ea3e9dcd0bda08a45f063","Bacteria","Actinobacteria","Actinobacteria","Kineosporiales","Kineosporiaceae","Quadrisphaera",NA
"b52caa9e10a3f3d203d36f91bc96ada0","Bacteria","Actinobacteria","Actinobacteria","Kineosporiales","Kineosporiaceae",NA,NA
"c70990bbcd533844cb282581b19c0759","Bacteria","Actinobacteria","Actinobacteria","Frankiales","Frankiaceae","Jatrophihabitans",NA
"6a6bca58c99941c0d9180216b0a116ac","Bacteria","Actinobacteria","Actinobacteria","Propionibacteriales","Nocardioidaceae","Nocardioides",NA
"a1361dbb3112472e06ed2279043f3338","Bacteria","Actinobacteria","Actinobacteria","Propionibacteriales","Nocardioidaceae",NA,NA
"a841abdd7104f0e7f803ee07eb0b816a","Bacteria","Actinobacteria","Actinobacteria","Propionibacteriales","Nocardioidaceae",NA,NA
"458092f5a2f90cf1331cd9ae6fbe16ea","Bacteria","Actinobacteria","Actinobacteria","Propionibacteriales","Nocardioidaceae","Aeromicrobium",NA
"a1e95dddfff59b6e89810f4aa65d59df","Bacteria","Actinobacteria","Actinobacteria","Propionibacteriales","Nocardioidaceae",NA,NA
"3c42f82aa3f1347a74c254b619fc34e6","Bacteria","Actinobacteria","Actinobacteria","Streptosporangiales","Streptosporangiaceae","Microbispora",NA
"1f76a3cb0467b78b337d2b1046ab286a","Bacteria","Actinobacteria","Actinobacteria","Streptomycetales","Streptomycetaceae",NA,NA
"e61a02be209f0af4762395553ddaf020","Bacteria","Actinobacteria","Actinobacteria","Corynebacteriales","Mycobacteriaceae","Mycobacterium",NA
"c1c2de9a1df30cf6fe7a262f159b761e","Bacteria","Actinobacteria","Actinobacteria","Corynebacteriales","Corynebacteriaceae","Corynebacterium 1",NA
"0cbc58cb660d1cd9dab0af3d8f6b37f5","Bacteria","Actinobacteria","Actinobacteria","Micromonosporales","Micromonosporaceae","Micromonospora",NA
"df6f7ba5e25b263794d31a41e56cbe07","Bacteria","Actinobacteria","Actinobacteria","Micromonosporales","Micromonosporaceae","Micromonospora",NA
"dbec2247e77973ce23036a1b34ff056d","Bacteria","Actinobacteria","Actinobacteria","Micromonosporales","Micromonosporaceae",NA,NA
"f18217d8a37ac48238340067668631a3","Bacteria","Actinobacteria","Actinobacteria","Micromonosporales","Micromonosporaceae","Hamadaea","Hamadaea tsunoensis"
"5239372b669ca3a21f9d15651f217d31","Bacteria","Actinobacteria","Actinobacteria","Micromonosporales","Micromonosporaceae","Hamadaea",NA
"b102e95d2945387c36692a3c6fec2f79","Bacteria","Actinobacteria","Actinobacteria","Pseudonocardiales","Pseudonocardiaceae","Actinophytocola",NA
"cdfa242be20bae137c356d7ff36c1391","Bacteria","Actinobacteria","Actinobacteria","Micrococcales","Microbacteriaceae","Leifsonia",NA
"1d553e7b20d4957a34c10348fce9d6f2","Bacteria","Actinobacteria","Actinobacteria","Micrococcales","Microbacteriaceae",NA,NA
"b41489d566a6401471c682a620207f96","Bacteria","Actinobacteria","Actinobacteria","Micrococcales","Microbacteriaceae",NA,NA
"999b3fd9656ab0644e8f97e19261d010","Bacteria","Actinobacteria","Thermoleophilia","Solirubrobacterales","67-14","metagenome","metagenome"
"42d1bbfc9fb31352bbef26c4186bd156","Bacteria","Actinobacteria","Thermoleophilia","Solirubrobacterales","Solirubrobacteraceae","Conexibacter",NA
"1b8a8d7e04391cf4b147605b832ccf58","Bacteria","Actinobacteria","Thermoleophilia","Solirubrobacterales","Solirubrobacteraceae","Conexibacter",NA
"89e28b2df7759bdde3221f6616fdbc40","Bacteria","Actinobacteria","Thermoleophilia","Gaiellales","uncultured",NA,NA
"1dbdd8ad30eb0ae65c3d57f076fd254f","Bacteria","Actinobacteria","Thermoleophilia","Gaiellales","uncultured",NA,NA
"67d82e275ecd33d6eccf1ea4d9982136","Bacteria","Actinobacteria","Thermoleophilia","Gaiellales","uncultured",NA,NA
"dba6305f557a6c76e8dde9382ead41d4","Bacteria","Actinobacteria","Thermoleophilia","Gaiellales","uncultured",NA,NA
"bff6d3ec04521e3085916ecb66314471","Bacteria","Actinobacteria","Thermoleophilia","Gaiellales","uncultured",NA,NA
"300db3c70f71f491ee126fbd5233a61e","Bacteria","Actinobacteria","Thermoleophilia","Gaiellales","uncultured",NA,NA
"55800dd9cadfeb4782c3a50c7db58c56","Bacteria","Actinobacteria","Acidimicrobiia","IMCC26256","uncultured Acidimicrobiales bacterium","uncultured Acidimicrobiales bacterium","uncultured Acidimicrobiales bacterium"
"fa1d0b6d8739388afcd84ae87f2ccecb","Bacteria","Actinobacteria","Acidimicrobiia","IMCC26256","metagenome","metagenome","metagenome"
"8c967b60aeb55264be5faf060ba6eec7","Bacteria","Actinobacteria","Acidimicrobiia","IMCC26256","uncultured Actinomycetales bacterium","uncultured Actinomycetales bacterium","uncultured Actinomycetales bacterium"
"1285ef079e104cd0e35238d21651187f","Bacteria","Armatimonadetes","Fimbriimonadia","Fimbriimonadales","Fimbriimonadaceae","Armatimonadetes bacterium 55-13","Armatimonadetes bacterium 55-13"
"3bf1ff223e3eee198ba6c25a6fd251f0","Bacteria","Armatimonadetes","Fimbriimonadia","Fimbriimonadales","Fimbriimonadaceae",NA,NA
"ef5cb6eda20249c6f238f5222b9457f1","Bacteria","Armatimonadetes","Chthonomonadetes","Chthonomonadales","uncultured bacterium","uncultured bacterium","uncultured bacterium"
"f3ce332580c7c5dabb2ae2a759018c53","Bacteria","Nitrospirae","Nitrospira","Nitrospirales","Nitrospiraceae","Nitrospira",NA
"0f3c30cd6c0e42489aa39cb25543674b","Bacteria","Cyanobacteria","Melainabacteria","Vampirovibrionales","uncultured bacterium","uncultured bacterium","uncultured bacterium"
"db873c0e8d9909b01c3625d8a91f8b76","Bacteria","Firmicutes","Bacilli","Bacillales","Paenibacillaceae","Paenibacillus",NA
"e62d1f7b8c0e432765d111c7a2978201","Bacteria","Firmicutes","Bacilli","Bacillales","Paenibacillaceae","Paenibacillus",NA
"a37e9b7db01903b66d1fa323df60478c","Bacteria","Firmicutes","Bacilli","Bacillales","Alicyclobacillaceae","Tumebacillus",NA
"d4e922a484a29de772091b7a2bf6306b","Bacteria","Firmicutes","Bacilli","Bacillales","Alicyclobacillaceae","Tumebacillus",NA
"85d71cf2aad10373b4cb6a182c3105f1","Bacteria","Firmicutes","Bacilli","Bacillales","Alicyclobacillaceae","Tumebacillus","uncultured Alicyclobacillus sp."
"8991615cbf5f2ddc8d8683ededa2b93c","Bacteria","Firmicutes","Clostridia","Clostridiales","Lachnospiraceae","Anaerocolumna",NA
"99e2a02d0c5ad5cb44c1c361c6da0e10","Bacteria","Firmicutes","Clostridia","Clostridiales","Clostridiaceae 1","Clostridium sensu stricto 13",NA
"d37252ea399129c131724df0109f3341","Bacteria","Firmicutes","Clostridia","Clostridiales","Clostridiaceae 1","Clostridium sensu stricto 12",NA
"e4a79f5dc9f061687202ec45363540aa","Bacteria","Firmicutes","Clostridia","Clostridiales","Clostridiaceae 1","Clostridium sensu stricto 1",NA
"e7fc54a1f8faf5d1595271e3d2783dbc","Bacteria","Verrucomicrobia","Verrucomicrobiae","Pedosphaerales","Pedosphaeraceae",NA,NA
"2b118d297f754fb25d1416390cc20cc6","Bacteria","Verrucomicrobia","Verrucomicrobiae","Chthoniobacterales","Chthoniobacteraceae","Chthoniobacter","uncultured bacterium"
"86ebf8d48eba1389a65947a45590dc98","Bacteria","Verrucomicrobia","Verrucomicrobiae","Chthoniobacterales","Chthoniobacteraceae","Chthoniobacter",NA
"285c6d6259d3eee7a4c5c916d70b80f9","Bacteria","Verrucomicrobia","Verrucomicrobiae","Verrucomicrobiales","Rubritaleaceae","Luteolibacter",NA
"ac2e4421594a9fbb3b433d02e48fa2a7","Bacteria","Verrucomicrobia","Verrucomicrobiae","Verrucomicrobiales","Verrucomicrobiaceae","uncultured","uncultured Verrucomicrobia bacterium"
"3919c5b04d078c66d2109dfd240131d0","Bacteria","Verrucomicrobia","Verrucomicrobiae","Opitutales","Opitutaceae","Opitutus",NA
"568dabecb1e2f87957a0f1be4b624a9d","Bacteria","Verrucomicrobia","Verrucomicrobiae","Opitutales","Opitutaceae","Opitutus",NA
"10cf26cb61f4900ec1f72ead15b17d23","Bacteria","Verrucomicrobia","Verrucomicrobiae","Opitutales","Opitutaceae",NA,NA
"4de32420ac7b3feecddea6d5808f4b0f","Bacteria","Verrucomicrobia","Verrucomicrobiae","Opitutales","Opitutaceae","Lacunisphaera",NA
"51a8abbcd5b731effbd742f04108cc86","Bacteria","Gemmatimonadetes","Gemmatimonadetes","Gemmatimonadales","Gemmatimonadaceae",NA,NA
"385b880c49638aadf092b9ef14689c98","Bacteria","Gemmatimonadetes","Gemmatimonadetes","Gemmatimonadales","Gemmatimonadaceae","Gemmatimonas","Gemmatimonadetes bacterium Ellin7146"
"68d4fd7eb9c7c1508f81f4c14fc977f6","Bacteria","Gemmatimonadetes","Gemmatimonadetes","Gemmatimonadales","Gemmatimonadaceae","uncultured","uncultured proteobacterium"
"1e95986bcf5ae71bc4b66f37feab7ba8","Bacteria","Proteobacteria","Deltaproteobacteria","Desulfarculales","Desulfarculaceae","uncultured","uncultured Dongia sp."
"57c34cde2f3a84b3c033cadbe5dceece","Bacteria","Proteobacteria","Deltaproteobacteria","Myxococcales","Haliangiaceae","Haliangium","bacterium Ellin6502"
"f35d6f76c80c9e3c07c7ee00346e1402","Bacteria","Proteobacteria","Deltaproteobacteria","Myxococcales","Haliangiaceae","Haliangium","uncultured proteobacterium"
"4560f8f4ee8cc9dd1a52c7bc905cc47a","Bacteria","Proteobacteria","Deltaproteobacteria","Myxococcales","Haliangiaceae","Haliangium",NA
"335d9daf4b1b3f069995063e57d467d1","Bacteria","Proteobacteria","Deltaproteobacteria","Myxococcales","Haliangiaceae","Haliangium",NA
"2f03094140d01c1ff0babca0d703886d","Bacteria","Proteobacteria","Deltaproteobacteria","Myxococcales","Haliangiaceae","Haliangium",NA
"f7f5b5789a8177e33b2ecbe2c01a37c9","Bacteria","Proteobacteria","Deltaproteobacteria","Myxococcales","Polyangiaceae",NA,NA
"d80da19390155ba767ec7417c00e9fa6","Bacteria","Proteobacteria","Deltaproteobacteria","Myxococcales","Polyangiaceae","uncultured",NA
"891f86787bf51313826cbfa457cecc66","Bacteria","Proteobacteria","Deltaproteobacteria","Myxococcales","Polyangiaceae",NA,NA
"ddfeccb875d5ec68bef88de5514745c6","Bacteria","Proteobacteria","Deltaproteobacteria","Myxococcales","Polyangiaceae","Pajaroellobacter",NA
"9fd3b5264da2ea7950cedef34992b744","Bacteria","Proteobacteria","Deltaproteobacteria","Myxococcales","Polyangiaceae","Pajaroellobacter",NA
"c638841c9dc44fb4e7138f9be81b5d7b","Bacteria","Proteobacteria","Deltaproteobacteria","Myxococcales","BIrii41","uncultured proteobacterium","uncultured proteobacterium"
"f10cbcc3eb8405771d393754ef0c9fa0","Bacteria","Proteobacteria","Deltaproteobacteria","Myxococcales","BIrii41",NA,NA
"a735d34a120d263fbb0dd2c59b9a0a36","Bacteria","Proteobacteria","Deltaproteobacteria","Myxococcales","BIrii41",NA,NA
"4a3b25cfab2eb236a5dd2d20e8db2793","Bacteria","Proteobacteria","Deltaproteobacteria","Myxococcales","Archangiaceae","Anaeromyxobacter","uncultured bacterium SJA-5"
"f840f49af37beea7bea60e3c669a3ac3","Bacteria","Proteobacteria","Deltaproteobacteria","Myxococcales","Archangiaceae",NA,NA
"67fe934cec14ac7b719f24cf74cbe617","Bacteria","Proteobacteria","Deltaproteobacteria","Oligoflexales","Oligoflexaceae","Oligoflexus",NA
"9a071c02961ef815eb36d089160ca830","Bacteria","Proteobacteria","Gammaproteobacteria","Pseudomonadales","Pseudomonadaceae","Pseudomonas",NA
"134d00d5c17e80bfaa23f6e0cfd58e73","Bacteria","Proteobacteria","Gammaproteobacteria","Pseudomonadales","Pseudomonadaceae","Pseudomonas",NA
"38dc7221d094cf53c8d4cff484b582ff","Bacteria","Proteobacteria","Gammaproteobacteria","KF-JG30-C25","uncultured gamma proteobacterium","uncultured gamma proteobacterium","uncultured gamma proteobacterium"
"5f9247b91e3f623997d842df15f52c73","Bacteria","Proteobacteria","Gammaproteobacteria","Steroidobacterales","Steroidobacteraceae","Steroidobacter",NA
"2f3d80e5825933952f17c0e61c66bcc2","Bacteria","Proteobacteria","Gammaproteobacteria","Xanthomonadales","Rhodanobacteraceae","Dyella",NA
"9ff5dcf66fdd35379fbcb96c17fef965","Bacteria","Proteobacteria","Gammaproteobacteria","Xanthomonadales","Xanthomonadaceae","Luteimonas",NA
"7a8e9d15e56e618f2a0e33d7e694ff4e","Bacteria","Proteobacteria","Gammaproteobacteria","Betaproteobacteriales","SC-I-84",NA,NA
"1ec666c9782c4ee00db05067f43e291d","Bacteria","Proteobacteria","Gammaproteobacteria","Betaproteobacteriales","Burkholderiaceae","Castellaniella",NA
"e1ff07f38404fe10de52d42028a1e169","Bacteria","Proteobacteria","Gammaproteobacteria","Betaproteobacteriales","Burkholderiaceae","Achromobacter",NA
"ab7946163d3e0d29e6eebc59ac445fe3","Bacteria","Proteobacteria","Gammaproteobacteria","Betaproteobacteriales","TRA3-20",NA,NA
"306ca21f9cbae906ea55566ff2b4a8b3","Bacteria","Proteobacteria","Gammaproteobacteria","Betaproteobacteriales","Burkholderiaceae","Cupriavidus",NA
"8d9881797d48d4e5e02c2cdd5fcb155c","Bacteria","Proteobacteria","Gammaproteobacteria","Betaproteobacteriales","Burkholderiaceae",NA,NA
"1f7731434706b5ca9f613df57e29e7cd","Bacteria","Proteobacteria","Gammaproteobacteria","Betaproteobacteriales","Burkholderiaceae",NA,NA
"2332807853f18e52a250645f0e2c2b45","Bacteria","Proteobacteria","Gammaproteobacteria","Betaproteobacteriales","Burkholderiaceae",NA,NA
"262ae05cb422efa3708812c60f453c13","Bacteria","Proteobacteria","Gammaproteobacteria","Betaproteobacteriales","Burkholderiaceae",NA,NA
"907807272752e0300244f5e0bdb9c80c","Bacteria","Proteobacteria","Gammaproteobacteria","Betaproteobacteriales","Burkholderiaceae",NA,NA
"3b947f6949c80f7a02903f6e8a4ee655","Bacteria","Proteobacteria","Gammaproteobacteria","Betaproteobacteriales","Burkholderiaceae","Burkholderia-Caballeronia-Paraburkholderia",NA
"cc14e5c747032e52f010309fc9bb9e74","Bacteria","Proteobacteria","Gammaproteobacteria","Betaproteobacteriales","TRA3-20",NA,NA
"e81b5983e6fd76a4969ff7f2ab1bd03a","Bacteria","Proteobacteria","Gammaproteobacteria","Betaproteobacteriales","Burkholderiaceae","Massilia",NA
"9a84d41b7ba8b99cf5530a213f34f7db","Bacteria","Proteobacteria","Gammaproteobacteria","Betaproteobacteriales","Burkholderiaceae","Massilia",NA
"8575406920eaae6ecc6b296e53e73f2a","Bacteria","Proteobacteria","Gammaproteobacteria","Betaproteobacteriales","Burkholderiaceae","Herbaspirillum",NA
"a53ab46cd1d1ee27cc3dffa48158af5a","Bacteria","Proteobacteria","Gammaproteobacteria","Betaproteobacteriales","Burkholderiaceae",NA,NA
"57846cd98df3988ba283a9108e134a94","Bacteria","Proteobacteria","Gammaproteobacteria","Betaproteobacteriales","Methylophilaceae","Methylophilus",NA
"175ba2f0dfd211130a56284a517bf9d9","Bacteria","Proteobacteria","Gammaproteobacteria","Pseudomonadales","Moraxellaceae","Acinetobacter",NA
"89fca2f7c2d521376f744685d0302605","Bacteria","Proteobacteria","Deltaproteobacteria","Oligoflexales","0319-6G20","uncultured Roseobacter sp.","uncultured Roseobacter sp."
"60fc418eb487f9bc7a77d532632a3633","Bacteria","Proteobacteria","Alphaproteobacteria","Rhodospirillales","Rhodospirillaceae","uncultured",NA
"d3b9487855d2ffde10be6ae554ca9cd7","Bacteria","Proteobacteria","Alphaproteobacteria","Rhodospirillales","Rhodospirillaceae","uncultured",NA
"015d9faa8efd37e030d1a6707932cd6d","Bacteria","Proteobacteria","Alphaproteobacteria","Rhodospirillales","Rhodospirillaceae","uncultured",NA
"5f6c5a807ae337ec7df3d94fcd85f8bf","Bacteria","Proteobacteria","Alphaproteobacteria","Elsterales","uncultured",NA,NA
"acdce1068810511f56c568fcc77f5a22","Bacteria","Proteobacteria","Alphaproteobacteria","Azospirillales","Inquilinaceae","Inquilinus",NA
"28231080099ee42cd8a70476ca816197","Bacteria","Proteobacteria","Alphaproteobacteria","uncultured","uncultured Bradyrhizobiaceae bacterium","uncultured Bradyrhizobiaceae bacterium","uncultured Bradyrhizobiaceae bacterium"
"f991124f57b0c195b06d552cf2c47ac1","Bacteria","Proteobacteria","Alphaproteobacteria","uncultured","bacterium Ellin6089","bacterium Ellin6089","bacterium Ellin6089"
"406c0c10b2c4382e6365e3f6e369d83e","Bacteria","Proteobacteria","Alphaproteobacteria","Dongiales","Dongiaceae","Dongia","Dongia sp. GR1-03"
"c12416cce280e20d23b3938ec9ff2c05","Bacteria","Proteobacteria","Alphaproteobacteria","Acetobacterales","Acetobacteraceae",NA,NA
"953b4497b27c1f16fa81eadc7576d679","Bacteria","Proteobacteria","Alphaproteobacteria","Reyranellales","Reyranellaceae","Reyranella",NA
"35f4c0fa3cb52309e337a64c181ff56e","Bacteria","Proteobacteria","Alphaproteobacteria","Sphingomonadales","Sphingomonadaceae","Sphingomonas",NA
"d86631f85ecffddf7e70fef221b38edc","Bacteria","Proteobacteria","Alphaproteobacteria","Sphingomonadales","Sphingomonadaceae",NA,NA
"d7dfd0d151e6d939a937eec36350b6f1","Bacteria","Proteobacteria","Alphaproteobacteria","Sphingomonadales","Sphingomonadaceae",NA,NA
"94119229767bd5b8d465fb841de8d13e","Bacteria","Proteobacteria","Alphaproteobacteria","Rhizobiales","KF-JG30-B3",NA,NA
"fb1423592afa0839010c8b07afd87ba1","Bacteria","Proteobacteria","Alphaproteobacteria","Rhizobiales","KF-JG30-B3",NA,NA
"4c907f1b18721854dbd6bf6b8a20bd26","Bacteria","Proteobacteria","Alphaproteobacteria","Micropepsales","Micropepsaceae","uncultured",NA
"9090df8f24e9fcca9a023ba72bc611e6","Bacteria","Proteobacteria","Alphaproteobacteria","Micropepsales","Micropepsaceae","uncultured",NA
"2ca95eaf36b31e0c53748c884f2034f8","Bacteria","Proteobacteria","Alphaproteobacteria","Micropepsales","Micropepsaceae","uncultured",NA
"aaf954299afd5c6d57649534dc1bda74","Bacteria","Proteobacteria","Alphaproteobacteria","Micropepsales","Micropepsaceae","uncultured",NA
"322067f968f327af2867087e9b4634de","Bacteria","Proteobacteria","Alphaproteobacteria","Micropepsales","Micropepsaceae","uncultured",NA
"acbf586bb50ae899943bd6b0a1f0e7d4","Bacteria","Proteobacteria","Alphaproteobacteria","Micropepsales","Micropepsaceae","uncultured",NA
"646ce1f0f312c610b2e94504f3f6a35a","Bacteria","Proteobacteria","Alphaproteobacteria","Micropepsales","Micropepsaceae","uncultured",NA
"ed3bf9ebadc7c48350ed65bb92f9b625","Bacteria","Proteobacteria","Alphaproteobacteria","Caulobacterales","Caulobacteraceae",NA,NA
"183792cae5ba3585800ae2e025a2c0f3","Bacteria","Proteobacteria","Alphaproteobacteria","Caulobacterales","Caulobacteraceae","Phenylobacterium",NA
"93fb64e6245a7c67d6e24c1519c9de13","Bacteria","Proteobacteria","Alphaproteobacteria","Caulobacterales","Caulobacteraceae","Phenylobacterium",NA
"9231347f303ff783cac6ff5da2d9d716","Bacteria","Proteobacteria","Alphaproteobacteria","Caulobacterales","Caulobacteraceae","Caulobacter",NA
"022b79f3289e8ab3bc7f76d424780ef7","Bacteria","Proteobacteria","Alphaproteobacteria","Caulobacterales","Caulobacteraceae",NA,NA
"747eb885e5a1161cce494a8e633b8c7d","Bacteria","Proteobacteria","Alphaproteobacteria","Caulobacterales","Caulobacteraceae",NA,NA
"82eca0b8a8e0724d446f5229ac474f01","Bacteria","Proteobacteria","Alphaproteobacteria","Caulobacterales","Caulobacteraceae",NA,NA
"9bccb97df999d55b7dac8e783362f051","Bacteria","Proteobacteria","Alphaproteobacteria","Rhizobiales","Beijerinckiaceae","Roseiarcus",NA
"997e44b01d69fd9e5b331ff86bd18ce8","Bacteria","Proteobacteria","Alphaproteobacteria","Rhizobiales","Beijerinckiaceae","Roseiarcus",NA
"ff36c4a97a9ef79126bd65c7392b02e9","Bacteria","Proteobacteria","Alphaproteobacteria","Rhizobiales","Labraceae","Labrys",NA
"37552ca16917762d50eb4875c1f26a95","Bacteria","Proteobacteria","Alphaproteobacteria","Rhizobiales","Rhizobiales Incertae Sedis","Bauldia",NA
"f0278ab45c4e11db57748b7055cae1f4","Bacteria","Proteobacteria","Alphaproteobacteria","Rhizobiales","Rhizobiales Incertae Sedis","Bauldia",NA
"877e2756072f642dea6f3da77f29fb54","Bacteria","Proteobacteria","Alphaproteobacteria","Rhizobiales","Xanthobacteraceae","uncultured",NA
"f93d3c93287d583aa23c2ddeaf1115fc","Bacteria","Proteobacteria","Alphaproteobacteria","Rhizobiales","Xanthobacteraceae","uncultured",NA
"4bb8b06045a0e6b1abf45c0d0534f25d","Bacteria","Proteobacteria","Alphaproteobacteria","Rhizobiales","Xanthobacteraceae","uncultured",NA
"be6f3745790663defdb961c3afd60c63","Bacteria","Proteobacteria","Alphaproteobacteria","Rhizobiales","Xanthobacteraceae","uncultured",NA
"934552c06099eceb14816ff88c65df75","Bacteria","Proteobacteria","Alphaproteobacteria","Rhizobiales","Xanthobacteraceae",NA,NA
"1aad1e351160e19b9b886fadbd4bef25","Bacteria","Proteobacteria","Alphaproteobacteria","Rhizobiales","Rhizobiales Incertae Sedis","Nordella",NA
"844ea6c43f8d7eda0a86db8935f1dc01","Bacteria","Proteobacteria","Alphaproteobacteria","Rhizobiales","Devosiaceae","Devosia",NA
"f4683ab03994f79618c11e853fc4e1ba","Bacteria","Proteobacteria","Alphaproteobacteria","Rhizobiales","Hyphomicrobiaceae","Hyphomicrobium",NA
"b4a4f260bd6ee848ea394f8b764569bd","Bacteria","Proteobacteria","Alphaproteobacteria","Rhizobiales","Hyphomicrobiaceae","Hyphomicrobium",NA
"5105bd6d418a1d2cd6b05bc3e158ba27","Bacteria","Proteobacteria","Alphaproteobacteria","Rhizobiales","Hyphomicrobiaceae",NA,NA
"2f276f6e58e6818619ed2717ab67200f","Bacteria","Proteobacteria","Alphaproteobacteria","Rhizobiales","Rhizobiaceae",NA,NA
"e2a6d817c8bc5518974d7c0a320dec52","Bacteria","Proteobacteria","Alphaproteobacteria","Rhizobiales","Rhizobiaceae","Allorhizobium-Neorhizobium-Pararhizobium-Rhizobium",NA
"296ee884fa31386054b980eea190fc36","Bacteria","Proteobacteria","Alphaproteobacteria","Rhizobiales","Rhizobiaceae","Allorhizobium-Neorhizobium-Pararhizobium-Rhizobium",NA
"c628c83b791028543590aa57896bfdd7","Bacteria","Proteobacteria","Alphaproteobacteria","Rhizobiales","Rhizobiaceae","Allorhizobium-Neorhizobium-Pararhizobium-Rhizobium",NA
"08d5f42a6bd92c8efacfa9db498ceeff","Bacteria","Proteobacteria","Alphaproteobacteria","Rhizobiales","Rhizobiaceae","Allorhizobium-Neorhizobium-Pararhizobium-Rhizobium",NA
